-- MySQL Schema for Bookworm Bookstore
-- Compatible with Hostinger Shared Hosting MySQL instances

CREATE TABLE IF NOT EXISTS `users` (
  `id` INT AUTO_INCREMENT PRIMARY KEY,
  `first_name` VARCHAR(100) NOT NULL,
  `last_name` VARCHAR(100) NOT NULL,
  `display_name` VARCHAR(100) NOT NULL,
  `email` VARCHAR(191) NOT NULL UNIQUE,
  `password` VARCHAR(255) NOT NULL, -- BCrypt Hash
  `created_at` TIMESTAMP DEFAULT CURRENT_TIMESTAMP,
  `updated_at` TIMESTAMP DEFAULT CURRENT_TIMESTAMP ON UPDATE CURRENT_TIMESTAMP
) ENGINE=InnoDB DEFAULT CHARSET=utf8mb4 COLLATE=utf8mb4_unicode_ci;

CREATE TABLE IF NOT EXISTS `user_addresses` (
  `id` INT AUTO_INCREMENT PRIMARY KEY,
  `user_id` INT NOT NULL,
  `address_type` ENUM('billing', 'shipping') NOT NULL,
  `street_address` VARCHAR(255) NOT NULL,
  `apartment` VARCHAR(100) DEFAULT NULL,
  `city` VARCHAR(100) NOT NULL,
  `county` VARCHAR(100) DEFAULT NULL,
  `country` VARCHAR(100) NOT NULL,
  `postcode` VARCHAR(20) NOT NULL,
  `phone` VARCHAR(50) NOT NULL,
  FOREIGN KEY (`user_id`) REFERENCES `users`(`id`) ON DELETE CASCADE
) ENGINE=InnoDB DEFAULT CHARSET=utf8mb4 COLLATE=utf8mb4_unicode_ci;

CREATE TABLE IF NOT EXISTS `categories` (
  `id` VARCHAR(50) PRIMARY KEY,
  `name` VARCHAR(100) NOT NULL,
  `icon_class` VARCHAR(50) DEFAULT NULL,
  `slug` VARCHAR(100) NOT NULL UNIQUE
) ENGINE=InnoDB DEFAULT CHARSET=utf8mb4 COLLATE=utf8mb4_unicode_ci;

CREATE TABLE IF NOT EXISTS `authors` (
  `id` VARCHAR(50) PRIMARY KEY,
  `name` VARCHAR(100) NOT NULL,
  `image_url` VARCHAR(255) DEFAULT NULL,
  `bio` TEXT DEFAULT NULL
) ENGINE=InnoDB DEFAULT CHARSET=utf8mb4 COLLATE=utf8mb4_unicode_ci;

CREATE TABLE IF NOT EXISTS `books` (
  `id` VARCHAR(50) PRIMARY KEY,
  `title` VARCHAR(255) NOT NULL,
  `author_id` VARCHAR(50) DEFAULT NULL,
  `category_id` VARCHAR(50) DEFAULT NULL,
  `price` DECIMAL(10, 2) NOT NULL,
  `original_price` DECIMAL(10, 2) DEFAULT NULL,
  `price_range` VARCHAR(100) DEFAULT NULL,
  `format` VARCHAR(100) DEFAULT NULL,
  `image_url` VARCHAR(255) NOT NULL,
  `rating` INT DEFAULT NULL,
  `stock_status` TINYINT(1) DEFAULT 1,
  `publisher` VARCHAR(100) DEFAULT NULL,
  `publication_date` DATE DEFAULT NULL,
  `language` VARCHAR(50) DEFAULT 'English',
  `description` TEXT DEFAULT NULL,
  `is_bestseller` TINYINT(1) DEFAULT 0,
  `is_featured` TINYINT(1) DEFAULT 0,
  `is_onsale` TINYINT(1) DEFAULT 0,
  `is_mostviewed` TINYINT(1) DEFAULT 0,
  `is_deal_of_week` TINYINT(1) DEFAULT 0,
  `is_new_release` TINYINT(1) DEFAULT 0,
  `new_release_tab` VARCHAR(50) DEFAULT NULL,
  `created_at` TIMESTAMP DEFAULT CURRENT_TIMESTAMP,
  FOREIGN KEY (`author_id`) REFERENCES `authors`(`id`) ON DELETE SET NULL,
  FOREIGN KEY (`category_id`) REFERENCES `categories`(`id`) ON DELETE SET NULL
) ENGINE=InnoDB DEFAULT CHARSET=utf8mb4 COLLATE=utf8mb4_unicode_ci;

CREATE TABLE IF NOT EXISTS `cart_items` (
  `id` INT AUTO_INCREMENT PRIMARY KEY,
  `user_id` INT NOT NULL,
  `book_id` VARCHAR(50) NOT NULL,
  `quantity` INT NOT NULL DEFAULT 1,
  `updated_at` TIMESTAMP DEFAULT CURRENT_TIMESTAMP ON UPDATE CURRENT_TIMESTAMP,
  UNIQUE KEY `user_book` (`user_id`, `book_id`),
  FOREIGN KEY (`user_id`) REFERENCES `users`(`id`) ON DELETE CASCADE,
  FOREIGN KEY (`book_id`) REFERENCES `books`(`id`) ON DELETE CASCADE
) ENGINE=InnoDB DEFAULT CHARSET=utf8mb4 COLLATE=utf8mb4_unicode_ci;

CREATE TABLE IF NOT EXISTS `orders` (
  `id` VARCHAR(50) PRIMARY KEY,
  `user_id` INT DEFAULT NULL,
  `first_name` VARCHAR(100) NOT NULL,
  `last_name` VARCHAR(100) NOT NULL,
  `company_name` VARCHAR(100) DEFAULT NULL,
  `country` VARCHAR(100) NOT NULL,
  `street_address` VARCHAR(255) NOT NULL,
  `apartment` VARCHAR(100) DEFAULT NULL,
  `city` VARCHAR(100) NOT NULL,
  `county` VARCHAR(100) DEFAULT NULL,
  `postcode` VARCHAR(20) NOT NULL,
  `phone` VARCHAR(50) NOT NULL,
  `email` VARCHAR(191) NOT NULL,
  `order_notes` TEXT DEFAULT NULL,
  `shipping_method` VARCHAR(50) NOT NULL,
  `shipping_cost` DECIMAL(10, 2) NOT NULL,
  `payment_method` VARCHAR(50) NOT NULL,
  `coupon_code` VARCHAR(50) DEFAULT NULL,
  `discount_amount` DECIMAL(10, 2) DEFAULT 0.00,
  `subtotal` DECIMAL(10, 2) NOT NULL,
  `grand_total` DECIMAL(10, 2) NOT NULL,
  `status` ENUM('On hold', 'Completed', 'Processing', 'Cancelled') DEFAULT 'On hold',
  `created_at` TIMESTAMP DEFAULT CURRENT_TIMESTAMP,
  FOREIGN KEY (`user_id`) REFERENCES `users`(`id`) ON DELETE SET NULL
) ENGINE=InnoDB DEFAULT CHARSET=utf8mb4 COLLATE=utf8mb4_unicode_ci;

CREATE TABLE IF NOT EXISTS `order_items` (
  `id` INT AUTO_INCREMENT PRIMARY KEY,
  `order_id` VARCHAR(50) NOT NULL,
  `book_id` VARCHAR(50) DEFAULT NULL,
  `book_title` VARCHAR(255) NOT NULL,
  `price` DECIMAL(10, 2) NOT NULL,
  `quantity` INT NOT NULL,
  FOREIGN KEY (`order_id`) REFERENCES `orders`(`id`) ON DELETE CASCADE,
  FOREIGN KEY (`book_id`) REFERENCES `books`(`id`) ON DELETE SET NULL
) ENGINE=InnoDB DEFAULT CHARSET=utf8mb4 COLLATE=utf8mb4_unicode_ci;

CREATE TABLE IF NOT EXISTS `contact_messages` (
  `id` INT AUTO_INCREMENT PRIMARY KEY,
  `name` VARCHAR(100) NOT NULL,
  `email` VARCHAR(191) NOT NULL,
  `subject` VARCHAR(255) NOT NULL,
  `text` TEXT NOT NULL,
  `created_at` TIMESTAMP DEFAULT CURRENT_TIMESTAMP
) ENGINE=InnoDB DEFAULT CHARSET=utf8mb4 COLLATE=utf8mb4_unicode_ci;

CREATE TABLE IF NOT EXISTS `newsletter_subscribers` (
  `id` INT AUTO_INCREMENT PRIMARY KEY,
  `email` VARCHAR(191) NOT NULL UNIQUE,
  `created_at` TIMESTAMP DEFAULT CURRENT_TIMESTAMP
) ENGINE=InnoDB DEFAULT CHARSET=utf8mb4 COLLATE=utf8mb4_unicode_ci;

-- Indexes for performance
CREATE INDEX `idx_books_price` ON `books`(`price`);
CREATE INDEX `idx_books_rating` ON `books`(`rating`);
CREATE INDEX `idx_books_flags` ON `books`(`is_bestseller`, `is_featured`, `is_onsale`, `is_mostviewed`, `is_deal_of_week`);
CREATE FULLTEXT INDEX `idx_books_search` ON `books`(`title`, `description`);
-- MySQL Seed File for Bookworm Bookstore
SET FOREIGN_KEY_CHECKS = 0;
TRUNCATE TABLE `order_items`;
TRUNCATE TABLE `orders`;
TRUNCATE TABLE `cart_items`;
TRUNCATE TABLE `books`;
TRUNCATE TABLE `authors`;
TRUNCATE TABLE `categories`;
TRUNCATE TABLE `users`;
SET FOREIGN_KEY_CHECKS = 1;

-- Inserting Categories
INSERT INTO `categories` (`id`, `name`, `icon_class`, `slug`) VALUES ('arts', 'Arts & Photography', 'flaticon-gallery', 'arts');
INSERT INTO `categories` (`id`, `name`, `icon_class`, `slug`) VALUES ('food', 'Food & Drink', 'flaticon-cook', 'food');
INSERT INTO `categories` (`id`, `name`, `icon_class`, `slug`) VALUES ('romance', 'Romance', 'flaticon-like', 'romance');
INSERT INTO `categories` (`id`, `name`, `icon_class`, `slug`) VALUES ('health', 'Health', 'flaticon-doctor', 'health');
INSERT INTO `categories` (`id`, `name`, `icon_class`, `slug`) VALUES ('biography', 'Biography', 'flaticon-resume', 'biography');
INSERT INTO `categories` (`id`, `name`, `icon_class`, `slug`) VALUES ('cat_kindle-edition', 'Kindle Edition', 'flaticon-open-book', 'cat_kindle-edition');
INSERT INTO `categories` (`id`, `name`, `icon_class`, `slug`) VALUES ('cat_hard-cover', 'Hard Cover', 'flaticon-open-book', 'cat_hard-cover');
INSERT INTO `categories` (`id`, `name`, `icon_class`, `slug`) VALUES ('cat_paperback', 'Paperback', 'flaticon-open-book', 'cat_paperback');
INSERT INTO `categories` (`id`, `name`, `icon_class`, `slug`) VALUES ('cat_hardcover', 'Hardcover', 'flaticon-open-book', 'cat_hardcover');
INSERT INTO `categories` (`id`, `name`, `icon_class`, `slug`) VALUES ('cat_history', 'History', 'flaticon-open-book', 'cat_history');
INSERT INTO `categories` (`id`, `name`, `icon_class`, `slug`) VALUES ('cat_science', 'Science', 'flaticon-open-book', 'cat_science');
INSERT INTO `categories` (`id`, `name`, `icon_class`, `slug`) VALUES ('cat_travel', 'Travel', 'flaticon-open-book', 'cat_travel');
INSERT INTO `categories` (`id`, `name`, `icon_class`, `slug`) VALUES ('cat_biographies-memoirs', 'Biographies & Memoirs', 'flaticon-open-book', 'cat_biographies-memoirs');
INSERT INTO `categories` (`id`, `name`, `icon_class`, `slug`) VALUES ('cat_mystery-thriller', 'Mystery & Thriller', 'flaticon-open-book', 'cat_mystery-thriller');
INSERT INTO `categories` (`id`, `name`, `icon_class`, `slug`) VALUES ('cat_literature-fiction', 'Literature & Fiction', 'flaticon-open-book', 'cat_literature-fiction');
INSERT INTO `categories` (`id`, `name`, `icon_class`, `slug`) VALUES ('cat_sci-fi-fantasy', 'Sci-Fi & Fantasy', 'flaticon-open-book', 'cat_sci-fi-fantasy');

-- Inserting Authors
INSERT INTO `authors` (`id`, `name`, `image_url`, `bio`) VALUES ('auth1', 'Barbara O''Neil', 'https://bookworm.madrasthemes.com/wp-content/uploads/2020/08/1.jpg', NULL);
INSERT INTO `authors` (`id`, `name`, `image_url`, `bio`) VALUES ('auth2', 'Stephen King', 'https://bookworm.madrasthemes.com/wp-content/uploads/2020/08/3.jpg', NULL);
INSERT INTO `authors` (`id`, `name`, `image_url`, `bio`) VALUES ('auth3', 'David Walliams', 'https://bookworm.madrasthemes.com/wp-content/uploads/2020/08/4.jpg', NULL);
INSERT INTO `authors` (`id`, `name`, `image_url`, `bio`) VALUES ('auth4', 'Joe Wicks', 'https://bookworm.madrasthemes.com/wp-content/uploads/2020/08/5.jpg', NULL);
INSERT INTO `authors` (`id`, `name`, `image_url`, `bio`) VALUES ('auth5', 'Jessica Simpson', 'https://bookworm.madrasthemes.com/wp-content/uploads/2020/08/6.jpg', NULL);
INSERT INTO `authors` (`id`, `name`, `image_url`, `bio`) VALUES ('aut_lj-shen', 'L.J. Shen', NULL, NULL);
INSERT INTO `authors` (`id`, `name`, `image_url`, `bio`) VALUES ('aut_j-d-robb', 'J. D. Robb', NULL, NULL);
INSERT INTO `authors` (`id`, `name`, `image_url`, `bio`) VALUES ('aut_conn-iggulden', 'Conn Iggulden', NULL, NULL);
INSERT INTO `authors` (`id`, `name`, `image_url`, `bio`) VALUES ('aut_jessica-simpson-max-l', 'Jessica Simpson, Max L...', NULL, NULL);
INSERT INTO `authors` (`id`, `name`, `image_url`, `bio`) VALUES ('aut_luanne-rice', 'Luanne Rice', NULL, NULL);
INSERT INTO `authors` (`id`, `name`, `image_url`, `bio`) VALUES ('aut_james-clear', 'James Clear', NULL, NULL);
INSERT INTO `authors` (`id`, `name`, `image_url`, `bio`) VALUES ('aut_michelle-obama', 'Michelle Obama', NULL, NULL);
INSERT INTO `authors` (`id`, `name`, `image_url`, `bio`) VALUES ('aut_nicole-chung', 'Nicole Chung', NULL, NULL);
INSERT INTO `authors` (`id`, `name`, `image_url`, `bio`) VALUES ('aut_mary-beth-keane', 'Mary Beth Keane', NULL, NULL);
INSERT INTO `authors` (`id`, `name`, `image_url`, `bio`) VALUES ('aut_edward-lee', 'Edward Lee', NULL, NULL);
INSERT INTO `authors` (`id`, `name`, `image_url`, `bio`) VALUES ('aut_jay-shetty', 'Jay Shetty', NULL, NULL);
INSERT INTO `authors` (`id`, `name`, `image_url`, `bio`) VALUES ('aut_emily-march', 'Emily March', NULL, NULL);
INSERT INTO `authors` (`id`, `name`, `image_url`, `bio`) VALUES ('aut_robert-iger', 'Robert Iger', NULL, NULL);
INSERT INTO `authors` (`id`, `name`, `image_url`, `bio`) VALUES ('aut_tara-westover', 'Tara Westover', NULL, NULL);
INSERT INTO `authors` (`id`, `name`, `image_url`, `bio`) VALUES ('aut_barbara-oneal', 'Barbara O''Neal', NULL, NULL);
INSERT INTO `authors` (`id`, `name`, `image_url`, `bio`) VALUES ('aut_kristin-hannah', 'Kristin Hannah', NULL, NULL);
INSERT INTO `authors` (`id`, `name`, `image_url`, `bio`) VALUES ('aut_kendra-elliot', 'Kendra Elliot', NULL, NULL);
INSERT INTO `authors` (`id`, `name`, `image_url`, `bio`) VALUES ('aut_lucy-foley', 'Lucy Foley', NULL, NULL);
INSERT INTO `authors` (`id`, `name`, `image_url`, `bio`) VALUES ('aut_kristin-harmel', 'Kristin Harmel', NULL, NULL);
INSERT INTO `authors` (`id`, `name`, `image_url`, `bio`) VALUES ('aut_alex-michaelides', 'Alex Michaelides', NULL, NULL);
INSERT INTO `authors` (`id`, `name`, `image_url`, `bio`) VALUES ('aut_delia-owens', 'Delia Owens', NULL, NULL);
INSERT INTO `authors` (`id`, `name`, `image_url`, `bio`) VALUES ('aut_max-lucado', 'Max Lucado', NULL, NULL);
INSERT INTO `authors` (`id`, `name`, `image_url`, `bio`) VALUES ('aut_stassi-schroeder', 'Stassi Schroeder', NULL, NULL);
INSERT INTO `authors` (`id`, `name`, `image_url`, `bio`) VALUES ('aut_hilarie-burton', 'Hilarie Burton', NULL, NULL);
INSERT INTO `authors` (`id`, `name`, `image_url`, `bio`) VALUES ('aut_pieter-du-toit', 'Pieter du Toit', NULL, NULL);
INSERT INTO `authors` (`id`, `name`, `image_url`, `bio`) VALUES ('aut_anna-burns', 'Anna Burns', NULL, NULL);
INSERT INTO `authors` (`id`, `name`, `image_url`, `bio`) VALUES ('aut_dorothea-benton-f', 'Dorothea Benton F...', NULL, NULL);
INSERT INTO `authors` (`id`, `name`, `image_url`, `bio`) VALUES ('aut_andre-aciman', 'Andre Aciman', NULL, NULL);
INSERT INTO `authors` (`id`, `name`, `image_url`, `bio`) VALUES ('aut_john-grisham', 'John Grisham', NULL, NULL);
INSERT INTO `authors` (`id`, `name`, `image_url`, `bio`) VALUES ('aut_patrick-taylor', 'Patrick Taylor', NULL, NULL);
INSERT INTO `authors` (`id`, `name`, `image_url`, `bio`) VALUES ('aut_james-patterson', 'James Patterson', NULL, NULL);
INSERT INTO `authors` (`id`, `name`, `image_url`, `bio`) VALUES ('aut_jk-rowling', 'J.K. Rowling', NULL, NULL);

-- Inserting Books
INSERT INTO `books` (`id`, `title`, `author_id`, `category_id`, `price`, `original_price`, `price_range`, `format`, `image_url`, `rating`, `stock_status`, `publisher`, `publication_date`, `language`, `description`, `is_bestseller`, `is_featured`, `is_onsale`, `is_mostviewed`, `is_deal_of_week`, `is_new_release`, `new_release_tab`) VALUES ('bs1', 'Angry God (All Saints High Book 3)', 'aut_lj-shen', 'cat_kindle-edition', 1.3, 1.75, NULL, 'KINDLE', 'https://bookworm.madrasthemes.com/wp-content/uploads/2020/08/img1-17.png', null, 1, NULL, NULL, 'English', NULL, 1, 0, 0, 0, 0, 0, NULL);
INSERT INTO `books` (`id`, `title`, `author_id`, `category_id`, `price`, `original_price`, `price_range`, `format`, `image_url`, `rating`, `stock_status`, `publisher`, `publication_date`, `language`, `description`, `is_bestseller`, `is_featured`, `is_onsale`, `is_mostviewed`, `is_deal_of_week`, `is_new_release`, `new_release_tab`) VALUES ('bs2', 'Dark in Death: An Eve Dallas Novel (In Dea...', 'aut_j-d-robb', 'cat_hard-cover', 14.2, null, NULL, 'HARDCOVER', 'https://bookworm.madrasthemes.com/wp-content/uploads/2020/08/img1-18.png', null, 1, NULL, NULL, 'English', NULL, 1, 0, 0, 0, 0, 0, NULL);
INSERT INTO `books` (`id`, `title`, `author_id`, `category_id`, `price`, `original_price`, `price_range`, `format`, `image_url`, `rating`, `stock_status`, `publisher`, `publication_date`, `language`, `description`, `is_bestseller`, `is_featured`, `is_onsale`, `is_mostviewed`, `is_deal_of_week`, `is_new_release`, `new_release_tab`) VALUES ('bs3', 'The Last Sister (Columbia River Book 1)', 'aut_conn-iggulden', 'cat_hard-cover', 29.59, null, '$29.59 - $59.99', 'HARDCOVER, KINDLE, PAPE...', 'https://bookworm.madrasthemes.com/wp-content/uploads/2020/08/img1-16.png', null, 1, NULL, NULL, 'English', NULL, 1, 0, 0, 0, 0, 0, NULL);
INSERT INTO `books` (`id`, `title`, `author_id`, `category_id`, `price`, `original_price`, `price_range`, `format`, `image_url`, `rating`, `stock_status`, `publisher`, `publication_date`, `language`, `description`, `is_bestseller`, `is_featured`, `is_onsale`, `is_mostviewed`, `is_deal_of_week`, `is_new_release`, `new_release_tab`) VALUES ('bs4', 'The Last Sister (Columbia River Book 1)', 'aut_jessica-simpson-max-l', 'cat_hard-cover', 16.59, null, NULL, 'HARDCOVER', 'https://bookworm.madrasthemes.com/wp-content/uploads/2020/08/img1-19.png', null, 1, NULL, NULL, 'English', NULL, 1, 0, 0, 0, 0, 0, NULL);
INSERT INTO `books` (`id`, `title`, `author_id`, `category_id`, `price`, `original_price`, `price_range`, `format`, `image_url`, `rating`, `stock_status`, `publisher`, `publication_date`, `language`, `description`, `is_bestseller`, `is_featured`, `is_onsale`, `is_mostviewed`, `is_deal_of_week`, `is_new_release`, `new_release_tab`) VALUES ('bs5', 'Think Like a Monk: Train Your Mind for...', 'aut_luanne-rice', 'cat_kindle-edition', 1.75, null, NULL, 'KINDLE', 'https://bookworm.madrasthemes.com/wp-content/uploads/2020/08/img1-11.png', null, 1, NULL, NULL, 'English', NULL, 1, 0, 0, 0, 0, 0, NULL);
INSERT INTO `books` (`id`, `title`, `author_id`, `category_id`, `price`, `original_price`, `price_range`, `format`, `image_url`, `rating`, `stock_status`, `publisher`, `publication_date`, `language`, `description`, `is_bestseller`, `is_featured`, `is_onsale`, `is_mostviewed`, `is_deal_of_week`, `is_new_release`, `new_release_tab`) VALUES ('bs6', 'Atomic Habits: An Easy & Proven Way', 'aut_james-clear', 'cat_paperback', 22, null, NULL, 'PAPERBACK', 'https://bookworm.madrasthemes.com/wp-content/uploads/2020/08/img1-20.png', null, 1, NULL, NULL, 'English', NULL, 1, 0, 0, 0, 0, 0, NULL);
INSERT INTO `books` (`id`, `title`, `author_id`, `category_id`, `price`, `original_price`, `price_range`, `format`, `image_url`, `rating`, `stock_status`, `publisher`, `publication_date`, `language`, `description`, `is_bestseller`, `is_featured`, `is_onsale`, `is_mostviewed`, `is_deal_of_week`, `is_new_release`, `new_release_tab`) VALUES ('bs7', 'Becoming', 'aut_michelle-obama', 'cat_hard-cover', 25, null, NULL, 'HARDCOVER', 'https://bookworm.madrasthemes.com/wp-content/uploads/2020/08/img1-16.png', null, 1, NULL, NULL, 'English', NULL, 1, 0, 0, 0, 0, 0, NULL);
INSERT INTO `books` (`id`, `title`, `author_id`, `category_id`, `price`, `original_price`, `price_range`, `format`, `image_url`, `rating`, `stock_status`, `publisher`, `publication_date`, `language`, `description`, `is_bestseller`, `is_featured`, `is_onsale`, `is_mostviewed`, `is_deal_of_week`, `is_new_release`, `new_release_tab`) VALUES ('f1', 'All You Can Ever Know: A Memoir', 'aut_nicole-chung', 'cat_paperback', 29.59, null, '$29.59 - $59.95', 'HARDCOVER, KINDLE, ...', 'https://bookworm.madrasthemes.com/wp-content/uploads/2020/08/img1-17.png', null, 1, NULL, NULL, 'English', NULL, 0, 1, 0, 0, 0, 0, NULL);
INSERT INTO `books` (`id`, `title`, `author_id`, `category_id`, `price`, `original_price`, `price_range`, `format`, `image_url`, `rating`, `stock_status`, `publisher`, `publication_date`, `language`, `description`, `is_bestseller`, `is_featured`, `is_onsale`, `is_mostviewed`, `is_deal_of_week`, `is_new_release`, `new_release_tab`) VALUES ('f2', 'Dark in Death: An Eve Dallas Novel', 'aut_j-d-robb', 'cat_hardcover', 14.2, null, NULL, 'HARDCOVER', 'https://bookworm.madrasthemes.com/wp-content/uploads/2020/08/img1-18.png', null, 1, NULL, NULL, 'English', NULL, 0, 1, 0, 0, 0, 0, NULL);
INSERT INTO `books` (`id`, `title`, `author_id`, `category_id`, `price`, `original_price`, `price_range`, `format`, `image_url`, `rating`, `stock_status`, `publisher`, `publication_date`, `language`, `description`, `is_bestseller`, `is_featured`, `is_onsale`, `is_mostviewed`, `is_deal_of_week`, `is_new_release`, `new_release_tab`) VALUES ('f3', 'Ask Again, Yes: A Novel', 'aut_mary-beth-keane', 'cat_paperback', 11.51, null, NULL, 'PAPERBACK', 'https://bookworm.madrasthemes.com/wp-content/uploads/2020/08/img1-12.png', null, 1, NULL, NULL, 'English', NULL, 0, 1, 0, 0, 0, 0, NULL);
INSERT INTO `books` (`id`, `title`, `author_id`, `category_id`, `price`, `original_price`, `price_range`, `format`, `image_url`, `rating`, `stock_status`, `publisher`, `publication_date`, `language`, `description`, `is_bestseller`, `is_featured`, `is_onsale`, `is_mostviewed`, `is_deal_of_week`, `is_new_release`, `new_release_tab`) VALUES ('f4', 'Broken Faith: Inside the Word of God...', 'aut_edward-lee', 'cat_paperback', 10.29, null, NULL, 'PAPERBACK', 'https://bookworm.madrasthemes.com/wp-content/uploads/2020/08/img1-16.png', null, 1, NULL, NULL, 'English', NULL, 0, 1, 0, 0, 0, 0, NULL);
INSERT INTO `books` (`id`, `title`, `author_id`, `category_id`, `price`, `original_price`, `price_range`, `format`, `image_url`, `rating`, `stock_status`, `publisher`, `publication_date`, `language`, `description`, `is_bestseller`, `is_featured`, `is_onsale`, `is_mostviewed`, `is_deal_of_week`, `is_new_release`, `new_release_tab`) VALUES ('f5', 'Think Like a Monk: Train Your Mind for Peace and Purpose Everyday', 'aut_jay-shetty', 'cat_paperback', 29, null, NULL, 'PAPERBACK', 'https://bookworm.madrasthemes.com/wp-content/uploads/2020/08/img1-12.png', null, 1, NULL, NULL, 'English', NULL, 0, 1, 0, 0, 0, 0, NULL);
INSERT INTO `books` (`id`, `title`, `author_id`, `category_id`, `price`, `original_price`, `price_range`, `format`, `image_url`, `rating`, `stock_status`, `publisher`, `publication_date`, `language`, `description`, `is_bestseller`, `is_featured`, `is_onsale`, `is_mostviewed`, `is_deal_of_week`, `is_new_release`, `new_release_tab`) VALUES ('f6', 'Eternity Springs: The McBrides of...', 'aut_emily-march', 'cat_paperback', 6.99, null, NULL, 'PAPERBACK', 'https://bookworm.madrasthemes.com/wp-content/uploads/2020/08/img1-19.png', null, 1, NULL, NULL, 'English', NULL, 0, 1, 0, 0, 0, 0, NULL);
INSERT INTO `books` (`id`, `title`, `author_id`, `category_id`, `price`, `original_price`, `price_range`, `format`, `image_url`, `rating`, `stock_status`, `publisher`, `publication_date`, `language`, `description`, `is_bestseller`, `is_featured`, `is_onsale`, `is_mostviewed`, `is_deal_of_week`, `is_new_release`, `new_release_tab`) VALUES ('o1', 'The Ride of a Lifetime: Lessons Learned from 15 Years as CEO', 'aut_robert-iger', 'cat_hard-cover', 15, 20, NULL, 'Hard Cover', 'https://bookworm.madrasthemes.com/wp-content/uploads/2020/08/img1-19.png', null, 1, NULL, NULL, 'English', NULL, 0, 0, 1, 0, 0, 0, NULL);
INSERT INTO `books` (`id`, `title`, `author_id`, `category_id`, `price`, `original_price`, `price_range`, `format`, `image_url`, `rating`, `stock_status`, `publisher`, `publication_date`, `language`, `description`, `is_bestseller`, `is_featured`, `is_onsale`, `is_mostviewed`, `is_deal_of_week`, `is_new_release`, `new_release_tab`) VALUES ('o2', 'Educated: A Memoir', 'aut_tara-westover', 'cat_paperback', 12, 18, NULL, 'Paperback', 'https://bookworm.madrasthemes.com/wp-content/uploads/2020/08/img1-18.png', null, 1, NULL, NULL, 'English', NULL, 0, 0, 1, 0, 0, 0, NULL);
INSERT INTO `books` (`id`, `title`, `author_id`, `category_id`, `price`, `original_price`, `price_range`, `format`, `image_url`, `rating`, `stock_status`, `publisher`, `publication_date`, `language`, `description`, `is_bestseller`, `is_featured`, `is_onsale`, `is_mostviewed`, `is_deal_of_week`, `is_new_release`, `new_release_tab`) VALUES ('m1', 'Think Like a Monk: Train Your Mind for Peace and Purpose Everyday', 'aut_jay-shetty', 'cat_paperback', 29, null, NULL, 'Paperback', 'https://bookworm.madrasthemes.com/wp-content/uploads/2020/08/img1-12.png', null, 1, NULL, NULL, 'English', NULL, 0, 0, 0, 1, 0, 0, NULL);
INSERT INTO `books` (`id`, `title`, `author_id`, `category_id`, `price`, `original_price`, `price_range`, `format`, `image_url`, `rating`, `stock_status`, `publisher`, `publication_date`, `language`, `description`, `is_bestseller`, `is_featured`, `is_onsale`, `is_mostviewed`, `is_deal_of_week`, `is_new_release`, `new_release_tab`) VALUES ('m2', 'Atomic Habits: An Easy & Proven Way to Build Good Habits', 'aut_james-clear', 'cat_paperback', 22, null, NULL, 'Paperback', 'https://bookworm.madrasthemes.com/wp-content/uploads/2020/08/img1-20.png', null, 1, NULL, NULL, 'English', NULL, 0, 0, 0, 1, 0, 0, NULL);
INSERT INTO `books` (`id`, `title`, `author_id`, `category_id`, `price`, `original_price`, `price_range`, `format`, `image_url`, `rating`, `stock_status`, `publisher`, `publication_date`, `language`, `description`, `is_bestseller`, `is_featured`, `is_onsale`, `is_mostviewed`, `is_deal_of_week`, `is_new_release`, `new_release_tab`) VALUES ('d1', 'When We Believed in Mermaids: A Novel', 'aut_barbara-oneal', 'cat_paperback', 2, null, NULL, 'PAPERBACK', 'https://bookworm.madrasthemes.com/wp-content/uploads/2020/08/1.jpg', null, 1, NULL, NULL, 'English', NULL, 0, 0, 0, 0, 1, 0, NULL);
INSERT INTO `books` (`id`, `title`, `author_id`, `category_id`, `price`, `original_price`, `price_range`, `format`, `image_url`, `rating`, `stock_status`, `publisher`, `publication_date`, `language`, `description`, `is_bestseller`, `is_featured`, `is_onsale`, `is_mostviewed`, `is_deal_of_week`, `is_new_release`, `new_release_tab`) VALUES ('d2', 'Angry God (All Saints High Book 3)', 'aut_lj-shen', 'cat_kindle-edition', 1.3, 1.75, NULL, 'KINDLE', 'https://bookworm.madrasthemes.com/wp-content/uploads/2020/08/22.jpg', null, 1, NULL, NULL, 'English', NULL, 0, 0, 0, 0, 1, 0, NULL);
INSERT INTO `books` (`id`, `title`, `author_id`, `category_id`, `price`, `original_price`, `price_range`, `format`, `image_url`, `rating`, `stock_status`, `publisher`, `publication_date`, `language`, `description`, `is_bestseller`, `is_featured`, `is_onsale`, `is_mostviewed`, `is_deal_of_week`, `is_new_release`, `new_release_tab`) VALUES ('d3', 'Last Day', 'aut_luanne-rice', 'cat_kindle-edition', 1.75, null, NULL, 'KINDLE', 'https://bookworm.madrasthemes.com/wp-content/uploads/2020/08/3.jpg', null, 1, NULL, NULL, 'English', NULL, 0, 0, 0, 0, 1, 0, NULL);
INSERT INTO `books` (`id`, `title`, `author_id`, `category_id`, `price`, `original_price`, `price_range`, `format`, `image_url`, `rating`, `stock_status`, `publisher`, `publication_date`, `language`, `description`, `is_bestseller`, `is_featured`, `is_onsale`, `is_mostviewed`, `is_deal_of_week`, `is_new_release`, `new_release_tab`) VALUES ('d4', 'Winter Garden', 'aut_kristin-hannah', 'cat_paperback', 11.99, null, NULL, 'PAPERBACK', 'https://bookworm.madrasthemes.com/wp-content/uploads/2020/08/4.jpg', null, 1, NULL, NULL, 'English', NULL, 0, 0, 0, 0, 1, 0, NULL);
INSERT INTO `books` (`id`, `title`, `author_id`, `category_id`, `price`, `original_price`, `price_range`, `format`, `image_url`, `rating`, `stock_status`, `publisher`, `publication_date`, `language`, `description`, `is_bestseller`, `is_featured`, `is_onsale`, `is_mostviewed`, `is_deal_of_week`, `is_new_release`, `new_release_tab`) VALUES ('d5', 'The Last Sister (Columbia River Book 1)', 'aut_kendra-elliot', 'cat_hard-cover', 14.95, null, NULL, 'HARDCOVER', 'https://bookworm.madrasthemes.com/wp-content/uploads/2020/08/5.jpg', null, 1, NULL, NULL, 'English', NULL, 0, 0, 0, 0, 1, 0, NULL);
INSERT INTO `books` (`id`, `title`, `author_id`, `category_id`, `price`, `original_price`, `price_range`, `format`, `image_url`, `rating`, `stock_status`, `publisher`, `publication_date`, `language`, `description`, `is_bestseller`, `is_featured`, `is_onsale`, `is_mostviewed`, `is_deal_of_week`, `is_new_release`, `new_release_tab`) VALUES ('d6', 'Think Like a Monk: Train Your Mind for Peace and Purpose Every Day', 'aut_jay-shetty', 'cat_hard-cover', 16.5, null, NULL, 'HARDCOVER', 'https://bookworm.madrasthemes.com/wp-content/uploads/2020/08/6.jpg', null, 1, NULL, NULL, 'English', NULL, 0, 0, 0, 0, 1, 0, NULL);
INSERT INTO `books` (`id`, `title`, `author_id`, `category_id`, `price`, `original_price`, `price_range`, `format`, `image_url`, `rating`, `stock_status`, `publisher`, `publication_date`, `language`, `description`, `is_bestseller`, `is_featured`, `is_onsale`, `is_mostviewed`, `is_deal_of_week`, `is_new_release`, `new_release_tab`) VALUES ('d7', 'The Guest List', 'aut_lucy-foley', 'cat_paperback', 12.99, 16.99, NULL, 'PAPERBACK', 'https://bookworm.madrasthemes.com/wp-content/uploads/2020/08/7.jpg', null, 1, NULL, NULL, 'English', NULL, 0, 0, 0, 0, 1, 0, NULL);
INSERT INTO `books` (`id`, `title`, `author_id`, `category_id`, `price`, `original_price`, `price_range`, `format`, `image_url`, `rating`, `stock_status`, `publisher`, `publication_date`, `language`, `description`, `is_bestseller`, `is_featured`, `is_onsale`, `is_mostviewed`, `is_deal_of_week`, `is_new_release`, `new_release_tab`) VALUES ('d8', 'The Book of Lost Names', 'aut_kristin-harmel', 'cat_kindle-edition', 1.99, null, NULL, 'KINDLE', 'https://bookworm.madrasthemes.com/wp-content/uploads/2020/08/8.jpg', null, 1, NULL, NULL, 'English', NULL, 0, 0, 0, 0, 1, 0, NULL);
INSERT INTO `books` (`id`, `title`, `author_id`, `category_id`, `price`, `original_price`, `price_range`, `format`, `image_url`, `rating`, `stock_status`, `publisher`, `publication_date`, `language`, `description`, `is_bestseller`, `is_featured`, `is_onsale`, `is_mostviewed`, `is_deal_of_week`, `is_new_release`, `new_release_tab`) VALUES ('d9', 'The Silent Patient', 'aut_alex-michaelides', 'cat_paperback', 8.99, 15.99, NULL, 'PAPERBACK', 'https://bookworm.madrasthemes.com/wp-content/uploads/2020/08/9.jpg', null, 1, NULL, NULL, 'English', NULL, 0, 0, 0, 0, 1, 0, NULL);
INSERT INTO `books` (`id`, `title`, `author_id`, `category_id`, `price`, `original_price`, `price_range`, `format`, `image_url`, `rating`, `stock_status`, `publisher`, `publication_date`, `language`, `description`, `is_bestseller`, `is_featured`, `is_onsale`, `is_mostviewed`, `is_deal_of_week`, `is_new_release`, `new_release_tab`) VALUES ('d10', 'Where the Crawdads Sing', 'aut_delia-owens', 'cat_hard-cover', 9.99, null, NULL, 'HARDCOVER', 'https://bookworm.madrasthemes.com/wp-content/uploads/2020/08/10.jpg', null, 1, NULL, NULL, 'English', NULL, 0, 0, 0, 0, 1, 0, NULL);
INSERT INTO `books` (`id`, `title`, `author_id`, `category_id`, `price`, `original_price`, `price_range`, `format`, `image_url`, `rating`, `stock_status`, `publisher`, `publication_date`, `language`, `description`, `is_bestseller`, `is_featured`, `is_onsale`, `is_mostviewed`, `is_deal_of_week`, `is_new_release`, `new_release_tab`) VALUES ('nr_h1', 'All You Can Ever Know: A Memoir', 'aut_j-d-robb', 'cat_history', 14.2, null, NULL, 'HARDCOVER', 'https://bookworm.madrasthemes.com/wp-content/uploads/2020/08/img1-18.png', null, 1, NULL, NULL, 'English', NULL, 0, 0, 0, 0, 0, 1, 'history');
INSERT INTO `books` (`id`, `title`, `author_id`, `category_id`, `price`, `original_price`, `price_range`, `format`, `image_url`, `rating`, `stock_status`, `publisher`, `publication_date`, `language`, `description`, `is_bestseller`, `is_featured`, `is_onsale`, `is_mostviewed`, `is_deal_of_week`, `is_new_release`, `new_release_tab`) VALUES ('nr_h2', 'Broken Faith: Inside the Word of Faith...', 'aut_edward-lee', 'cat_history', 10.29, null, NULL, 'PAPERBACK', 'https://bookworm.madrasthemes.com/wp-content/uploads/2020/08/img1-16.png', null, 1, NULL, NULL, 'English', NULL, 0, 0, 0, 0, 0, 1, 'history');
INSERT INTO `books` (`id`, `title`, `author_id`, `category_id`, `price`, `original_price`, `price_range`, `format`, `image_url`, `rating`, `stock_status`, `publisher`, `publication_date`, `language`, `description`, `is_bestseller`, `is_featured`, `is_onsale`, `is_mostviewed`, `is_deal_of_week`, `is_new_release`, `new_release_tab`) VALUES ('nr_h3', 'Eternity Springs: The McBrides of Texas Ev...', 'aut_emily-march', 'cat_history', 6.99, null, NULL, 'PAPERBACK', 'https://bookworm.madrasthemes.com/wp-content/uploads/2020/08/img1-19.png', null, 1, NULL, NULL, 'English', NULL, 0, 0, 0, 0, 0, 1, 'history');
INSERT INTO `books` (`id`, `title`, `author_id`, `category_id`, `price`, `original_price`, `price_range`, `format`, `image_url`, `rating`, `stock_status`, `publisher`, `publication_date`, `language`, `description`, `is_bestseller`, `is_featured`, `is_onsale`, `is_mostviewed`, `is_deal_of_week`, `is_new_release`, `new_release_tab`) VALUES ('nr_h4', 'Jesus: The God Who Knows Your Name', 'aut_max-lucado', 'cat_history', 16.59, null, NULL, 'HARDCOVER', 'https://bookworm.madrasthemes.com/wp-content/uploads/2020/08/img1-19.png', null, 1, NULL, NULL, 'English', NULL, 0, 0, 0, 0, 0, 1, 'history');
INSERT INTO `books` (`id`, `title`, `author_id`, `category_id`, `price`, `original_price`, `price_range`, `format`, `image_url`, `rating`, `stock_status`, `publisher`, `publication_date`, `language`, `description`, `is_bestseller`, `is_featured`, `is_onsale`, `is_mostviewed`, `is_deal_of_week`, `is_new_release`, `new_release_tab`) VALUES ('nr_h5', 'Next Level Basic: The Definitive Basic Bitch...', 'aut_stassi-schroeder', 'cat_history', 4.72, null, NULL, 'KINDLE', 'https://bookworm.madrasthemes.com/wp-content/uploads/2020/08/img1-17.png', null, 1, NULL, NULL, 'English', NULL, 0, 0, 0, 0, 0, 1, 'history');
INSERT INTO `books` (`id`, `title`, `author_id`, `category_id`, `price`, `original_price`, `price_range`, `format`, `image_url`, `rating`, `stock_status`, `publisher`, `publication_date`, `language`, `description`, `is_bestseller`, `is_featured`, `is_onsale`, `is_mostviewed`, `is_deal_of_week`, `is_new_release`, `new_release_tab`) VALUES ('nr_h6', 'The Rural Diaries: Love, Livestock, and Big Lif...', 'aut_hilarie-burton', 'cat_history', 14.92, null, NULL, 'HARDCOVER', 'https://bookworm.madrasthemes.com/wp-content/uploads/2020/08/img1-15.png', null, 1, NULL, NULL, 'English', NULL, 0, 0, 0, 0, 0, 1, 'history');
INSERT INTO `books` (`id`, `title`, `author_id`, `category_id`, `price`, `original_price`, `price_range`, `format`, `image_url`, `rating`, `stock_status`, `publisher`, `publication_date`, `language`, `description`, `is_bestseller`, `is_featured`, `is_onsale`, `is_mostviewed`, `is_deal_of_week`, `is_new_release`, `new_release_tab`) VALUES ('nr_h7', 'The Stellenbosch Mafia: Inside the...', 'aut_pieter-du-toit', 'cat_history', 29.95, null, '$29.95 - $59.95', 'HARDCOVER, KINDLE, PAPERBACK', 'https://bookworm.madrasthemes.com/wp-content/uploads/2020/08/img1-22.png', null, 1, NULL, NULL, 'English', NULL, 0, 0, 0, 0, 0, 1, 'history');
INSERT INTO `books` (`id`, `title`, `author_id`, `category_id`, `price`, `original_price`, `price_range`, `format`, `image_url`, `rating`, `stock_status`, `publisher`, `publication_date`, `language`, `description`, `is_bestseller`, `is_featured`, `is_onsale`, `is_mostviewed`, `is_deal_of_week`, `is_new_release`, `new_release_tab`) VALUES ('nr_h8', 'Think Like a Monk: Train Your Mind for...', 'aut_anna-burns', 'cat_history', 56, null, NULL, 'KINDLE EDITION', 'https://bookworm.madrasthemes.com/wp-content/uploads/2020/08/img1-12.png', null, 1, NULL, NULL, 'English', NULL, 0, 0, 0, 0, 0, 1, 'history');
INSERT INTO `books` (`id`, `title`, `author_id`, `category_id`, `price`, `original_price`, `price_range`, `format`, `image_url`, `rating`, `stock_status`, `publisher`, `publication_date`, `language`, `description`, `is_bestseller`, `is_featured`, `is_onsale`, `is_mostviewed`, `is_deal_of_week`, `is_new_release`, `new_release_tab`) VALUES ('nr_s1', 'Think Like a Monk: Train Your Mind for Peace and Purpose Everyday', 'aut_jay-shetty', 'cat_science', 29, null, NULL, 'PAPERBACK', 'https://bookworm.madrasthemes.com/wp-content/uploads/2020/08/img1-12.png', null, 1, NULL, NULL, 'English', NULL, 0, 0, 0, 0, 0, 1, 'science');
INSERT INTO `books` (`id`, `title`, `author_id`, `category_id`, `price`, `original_price`, `price_range`, `format`, `image_url`, `rating`, `stock_status`, `publisher`, `publication_date`, `language`, `description`, `is_bestseller`, `is_featured`, `is_onsale`, `is_mostviewed`, `is_deal_of_week`, `is_new_release`, `new_release_tab`) VALUES ('nr_s2', 'Atomic Habits: An Easy & Proven Way to Build Good Habits', 'aut_james-clear', 'cat_science', 22, null, NULL, 'PAPERBACK', 'https://bookworm.madrasthemes.com/wp-content/uploads/2020/08/img1-20.png', null, 1, NULL, NULL, 'English', NULL, 0, 0, 0, 0, 0, 1, 'science');
INSERT INTO `books` (`id`, `title`, `author_id`, `category_id`, `price`, `original_price`, `price_range`, `format`, `image_url`, `rating`, `stock_status`, `publisher`, `publication_date`, `language`, `description`, `is_bestseller`, `is_featured`, `is_onsale`, `is_mostviewed`, `is_deal_of_week`, `is_new_release`, `new_release_tab`) VALUES ('nr_s3', 'The Ride of a Lifetime: Lessons Learned from 15 Years as CEO', 'aut_robert-iger', 'cat_science', 15, null, NULL, 'HARDCOVER', 'https://bookworm.madrasthemes.com/wp-content/uploads/2020/08/img1-19.png', null, 1, NULL, NULL, 'English', NULL, 0, 0, 0, 0, 0, 1, 'science');
INSERT INTO `books` (`id`, `title`, `author_id`, `category_id`, `price`, `original_price`, `price_range`, `format`, `image_url`, `rating`, `stock_status`, `publisher`, `publication_date`, `language`, `description`, `is_bestseller`, `is_featured`, `is_onsale`, `is_mostviewed`, `is_deal_of_week`, `is_new_release`, `new_release_tab`) VALUES ('nr_s4', 'Dark in Death: An Eve Dallas Novel', 'aut_j-d-robb', 'cat_science', 14.2, null, NULL, 'HARDCOVER', 'https://bookworm.madrasthemes.com/wp-content/uploads/2020/08/img1-18.png', null, 1, NULL, NULL, 'English', NULL, 0, 0, 0, 0, 0, 1, 'science');
INSERT INTO `books` (`id`, `title`, `author_id`, `category_id`, `price`, `original_price`, `price_range`, `format`, `image_url`, `rating`, `stock_status`, `publisher`, `publication_date`, `language`, `description`, `is_bestseller`, `is_featured`, `is_onsale`, `is_mostviewed`, `is_deal_of_week`, `is_new_release`, `new_release_tab`) VALUES ('nr_s5', 'All You Can Ever Know: A Memoir', 'aut_nicole-chung', 'cat_science', 29.59, null, '$29.59 - $59.95', 'PAPERBACK', 'https://bookworm.madrasthemes.com/wp-content/uploads/2020/08/img1-17.png', null, 1, NULL, NULL, 'English', NULL, 0, 0, 0, 0, 0, 1, 'science');
INSERT INTO `books` (`id`, `title`, `author_id`, `category_id`, `price`, `original_price`, `price_range`, `format`, `image_url`, `rating`, `stock_status`, `publisher`, `publication_date`, `language`, `description`, `is_bestseller`, `is_featured`, `is_onsale`, `is_mostviewed`, `is_deal_of_week`, `is_new_release`, `new_release_tab`) VALUES ('nr_s6', 'Ask Again, Yes: A Novel', 'aut_mary-beth-keane', 'cat_science', 11.51, null, NULL, 'PAPERBACK', 'https://bookworm.madrasthemes.com/wp-content/uploads/2020/08/img1-12.png', null, 1, NULL, NULL, 'English', NULL, 0, 0, 0, 0, 0, 1, 'science');
INSERT INTO `books` (`id`, `title`, `author_id`, `category_id`, `price`, `original_price`, `price_range`, `format`, `image_url`, `rating`, `stock_status`, `publisher`, `publication_date`, `language`, `description`, `is_bestseller`, `is_featured`, `is_onsale`, `is_mostviewed`, `is_deal_of_week`, `is_new_release`, `new_release_tab`) VALUES ('nr_s7', 'Broken Faith: Inside the Word of God...', 'aut_edward-lee', 'cat_science', 10.29, null, NULL, 'PAPERBACK', 'https://bookworm.madrasthemes.com/wp-content/uploads/2020/08/img1-16.png', null, 1, NULL, NULL, 'English', NULL, 0, 0, 0, 0, 0, 1, 'science');
INSERT INTO `books` (`id`, `title`, `author_id`, `category_id`, `price`, `original_price`, `price_range`, `format`, `image_url`, `rating`, `stock_status`, `publisher`, `publication_date`, `language`, `description`, `is_bestseller`, `is_featured`, `is_onsale`, `is_mostviewed`, `is_deal_of_week`, `is_new_release`, `new_release_tab`) VALUES ('nr_s8', 'Becoming', 'aut_michelle-obama', 'cat_science', 25, null, NULL, 'HARDCOVER', 'https://bookworm.madrasthemes.com/wp-content/uploads/2020/08/img1-16.png', null, 1, NULL, NULL, 'English', NULL, 0, 0, 0, 0, 0, 1, 'science');
INSERT INTO `books` (`id`, `title`, `author_id`, `category_id`, `price`, `original_price`, `price_range`, `format`, `image_url`, `rating`, `stock_status`, `publisher`, `publication_date`, `language`, `description`, `is_bestseller`, `is_featured`, `is_onsale`, `is_mostviewed`, `is_deal_of_week`, `is_new_release`, `new_release_tab`) VALUES ('nr_r1', 'The Rural Diaries: Love, Livestock, and Big Life Lessons', 'aut_hilarie-burton', 'romance', 15, null, NULL, 'HARDCOVER', 'https://bookworm.madrasthemes.com/wp-content/uploads/2020/08/img1-15.png', null, 1, NULL, NULL, 'English', NULL, 0, 0, 0, 0, 0, 1, 'romance');
INSERT INTO `books` (`id`, `title`, `author_id`, `category_id`, `price`, `original_price`, `price_range`, `format`, `image_url`, `rating`, `stock_status`, `publisher`, `publication_date`, `language`, `description`, `is_bestseller`, `is_featured`, `is_onsale`, `is_mostviewed`, `is_deal_of_week`, `is_new_release`, `new_release_tab`) VALUES ('nr_r2', 'Eternity Springs: The McBrides of Texas Ev...', 'aut_emily-march', 'romance', 6.99, null, NULL, 'PAPERBACK', 'https://bookworm.madrasthemes.com/wp-content/uploads/2020/08/img1-19.png', null, 1, NULL, NULL, 'English', NULL, 0, 0, 0, 0, 0, 1, 'romance');
INSERT INTO `books` (`id`, `title`, `author_id`, `category_id`, `price`, `original_price`, `price_range`, `format`, `image_url`, `rating`, `stock_status`, `publisher`, `publication_date`, `language`, `description`, `is_bestseller`, `is_featured`, `is_onsale`, `is_mostviewed`, `is_deal_of_week`, `is_new_release`, `new_release_tab`) VALUES ('nr_r3', 'By Invitation Only: A Novel', 'aut_dorothea-benton-f', 'romance', 16.79, null, NULL, 'PAPERBACK', 'https://bookworm.madrasthemes.com/wp-content/uploads/2020/08/img1-19.png', null, 1, NULL, NULL, 'English', NULL, 0, 0, 0, 0, 0, 1, 'romance');
INSERT INTO `books` (`id`, `title`, `author_id`, `category_id`, `price`, `original_price`, `price_range`, `format`, `image_url`, `rating`, `stock_status`, `publisher`, `publication_date`, `language`, `description`, `is_bestseller`, `is_featured`, `is_onsale`, `is_mostviewed`, `is_deal_of_week`, `is_new_release`, `new_release_tab`) VALUES ('nr_r4', 'Call Me by Your Name', 'aut_andre-aciman', 'romance', 20.95, null, '$20.95 - $53.35', 'PAPERBACK', 'https://bookworm.madrasthemes.com/wp-content/uploads/2020/08/img1-20.png', null, 1, NULL, NULL, 'English', NULL, 0, 0, 0, 0, 0, 1, 'romance');
INSERT INTO `books` (`id`, `title`, `author_id`, `category_id`, `price`, `original_price`, `price_range`, `format`, `image_url`, `rating`, `stock_status`, `publisher`, `publication_date`, `language`, `description`, `is_bestseller`, `is_featured`, `is_onsale`, `is_mostviewed`, `is_deal_of_week`, `is_new_release`, `new_release_tab`) VALUES ('nr_r5', 'Angry God (All Saints High Book 3)', 'aut_lj-shen', 'romance', 1.3, 1.75, NULL, 'KINDLE', 'https://bookworm.madrasthemes.com/wp-content/uploads/2020/08/img1-17.png', null, 1, NULL, NULL, 'English', NULL, 0, 0, 0, 0, 0, 1, 'romance');
INSERT INTO `books` (`id`, `title`, `author_id`, `category_id`, `price`, `original_price`, `price_range`, `format`, `image_url`, `rating`, `stock_status`, `publisher`, `publication_date`, `language`, `description`, `is_bestseller`, `is_featured`, `is_onsale`, `is_mostviewed`, `is_deal_of_week`, `is_new_release`, `new_release_tab`) VALUES ('nr_r6', 'Dark in Death: An Eve Dallas Novel', 'aut_j-d-robb', 'romance', 14.2, null, NULL, 'HARDCOVER', 'https://bookworm.madrasthemes.com/wp-content/uploads/2020/08/img1-18.png', null, 1, NULL, NULL, 'English', NULL, 0, 0, 0, 0, 0, 1, 'romance');
INSERT INTO `books` (`id`, `title`, `author_id`, `category_id`, `price`, `original_price`, `price_range`, `format`, `image_url`, `rating`, `stock_status`, `publisher`, `publication_date`, `language`, `description`, `is_bestseller`, `is_featured`, `is_onsale`, `is_mostviewed`, `is_deal_of_week`, `is_new_release`, `new_release_tab`) VALUES ('nr_r7', 'All You Can Ever Know: A Memoir', 'aut_nicole-chung', 'romance', 29.59, null, '$29.59 - $59.95', 'HARDCOVER', 'https://bookworm.madrasthemes.com/wp-content/uploads/2020/08/img1-17.png', null, 1, NULL, NULL, 'English', NULL, 0, 0, 0, 0, 0, 1, 'romance');
INSERT INTO `books` (`id`, `title`, `author_id`, `category_id`, `price`, `original_price`, `price_range`, `format`, `image_url`, `rating`, `stock_status`, `publisher`, `publication_date`, `language`, `description`, `is_bestseller`, `is_featured`, `is_onsale`, `is_mostviewed`, `is_deal_of_week`, `is_new_release`, `new_release_tab`) VALUES ('nr_r8', 'Broken Faith: Inside the Word of God...', 'aut_edward-lee', 'romance', 10.29, null, NULL, 'PAPERBACK', 'https://bookworm.madrasthemes.com/wp-content/uploads/2020/08/img1-16.png', null, 1, NULL, NULL, 'English', NULL, 0, 0, 0, 0, 0, 1, 'romance');
INSERT INTO `books` (`id`, `title`, `author_id`, `category_id`, `price`, `original_price`, `price_range`, `format`, `image_url`, `rating`, `stock_status`, `publisher`, `publication_date`, `language`, `description`, `is_bestseller`, `is_featured`, `is_onsale`, `is_mostviewed`, `is_deal_of_week`, `is_new_release`, `new_release_tab`) VALUES ('nr_t1', 'Becoming', 'aut_michelle-obama', 'cat_travel', 25, null, NULL, 'HARDCOVER', 'https://bookworm.madrasthemes.com/wp-content/uploads/2020/08/img1-14.png', null, 1, NULL, NULL, 'English', NULL, 0, 0, 0, 0, 0, 1, 'travel');
INSERT INTO `books` (`id`, `title`, `author_id`, `category_id`, `price`, `original_price`, `price_range`, `format`, `image_url`, `rating`, `stock_status`, `publisher`, `publication_date`, `language`, `description`, `is_bestseller`, `is_featured`, `is_onsale`, `is_mostviewed`, `is_deal_of_week`, `is_new_release`, `new_release_tab`) VALUES ('nr_t2', 'Conqueror', 'aut_conn-iggulden', 'cat_travel', 25.88, null, NULL, 'HARDCOVER', 'https://bookworm.madrasthemes.com/wp-content/uploads/2020/08/img1-22.png', null, 1, NULL, NULL, 'English', NULL, 0, 0, 0, 0, 0, 1, 'travel');
INSERT INTO `books` (`id`, `title`, `author_id`, `category_id`, `price`, `original_price`, `price_range`, `format`, `image_url`, `rating`, `stock_status`, `publisher`, `publication_date`, `language`, `description`, `is_bestseller`, `is_featured`, `is_onsale`, `is_mostviewed`, `is_deal_of_week`, `is_new_release`, `new_release_tab`) VALUES ('nr_t3', 'Carrier Minds', 'aut_john-grisham', 'cat_travel', 12.99, 17.99, NULL, 'PAPERBACK', 'https://bookworm.madrasthemes.com/wp-content/uploads/2020/08/img1-21.png', null, 1, NULL, NULL, 'English', NULL, 0, 0, 0, 0, 0, 1, 'travel');
INSERT INTO `books` (`id`, `title`, `author_id`, `category_id`, `price`, `original_price`, `price_range`, `format`, `image_url`, `rating`, `stock_status`, `publisher`, `publication_date`, `language`, `description`, `is_bestseller`, `is_featured`, `is_onsale`, `is_mostviewed`, `is_deal_of_week`, `is_new_release`, `new_release_tab`) VALUES ('nr_t4', 'Atomic Habits: An Easy & Proven Way', 'aut_james-clear', 'cat_travel', 22, null, NULL, 'PAPERBACK', 'https://bookworm.madrasthemes.com/wp-content/uploads/2020/08/img1-20.png', null, 1, NULL, NULL, 'English', NULL, 0, 0, 0, 0, 0, 1, 'travel');
INSERT INTO `books` (`id`, `title`, `author_id`, `category_id`, `price`, `original_price`, `price_range`, `format`, `image_url`, `rating`, `stock_status`, `publisher`, `publication_date`, `language`, `description`, `is_bestseller`, `is_featured`, `is_onsale`, `is_mostviewed`, `is_deal_of_week`, `is_new_release`, `new_release_tab`) VALUES ('nr_t5', 'Educated: A Memoir', 'aut_tara-westover', 'cat_travel', 18, null, NULL, 'PAPERBACK', 'https://bookworm.madrasthemes.com/wp-content/uploads/2020/08/img1-18.png', null, 1, NULL, NULL, 'English', NULL, 0, 0, 0, 0, 0, 1, 'travel');
INSERT INTO `books` (`id`, `title`, `author_id`, `category_id`, `price`, `original_price`, `price_range`, `format`, `image_url`, `rating`, `stock_status`, `publisher`, `publication_date`, `language`, `description`, `is_bestseller`, `is_featured`, `is_onsale`, `is_mostviewed`, `is_deal_of_week`, `is_new_release`, `new_release_tab`) VALUES ('nr_t6', 'The Ride of a Lifetime: Lessons Learned from 15 Years as CEO', 'aut_robert-iger', 'cat_travel', 15, null, NULL, 'HARDCOVER', 'https://bookworm.madrasthemes.com/wp-content/uploads/2020/08/img1-19.png', null, 1, NULL, NULL, 'English', NULL, 0, 0, 0, 0, 0, 1, 'travel');
INSERT INTO `books` (`id`, `title`, `author_id`, `category_id`, `price`, `original_price`, `price_range`, `format`, `image_url`, `rating`, `stock_status`, `publisher`, `publication_date`, `language`, `description`, `is_bestseller`, `is_featured`, `is_onsale`, `is_mostviewed`, `is_deal_of_week`, `is_new_release`, `new_release_tab`) VALUES ('nr_t7', 'Think Like a Monk: Train Your Mind for...', 'aut_jay-shetty', 'cat_travel', 29, null, NULL, 'PAPERBACK', 'https://bookworm.madrasthemes.com/wp-content/uploads/2020/08/img1-12.png', null, 1, NULL, NULL, 'English', NULL, 0, 0, 0, 0, 0, 1, 'travel');
INSERT INTO `books` (`id`, `title`, `author_id`, `category_id`, `price`, `original_price`, `price_range`, `format`, `image_url`, `rating`, `stock_status`, `publisher`, `publication_date`, `language`, `description`, `is_bestseller`, `is_featured`, `is_onsale`, `is_mostviewed`, `is_deal_of_week`, `is_new_release`, `new_release_tab`) VALUES ('nr_t8', 'Dark in Death: An Eve Dallas Novel', 'aut_j-d-robb', 'cat_travel', 14.2, null, NULL, 'HARDCOVER', 'https://bookworm.madrasthemes.com/wp-content/uploads/2020/08/img1-18.png', null, 1, NULL, NULL, 'English', NULL, 0, 0, 0, 0, 0, 1, 'travel');
INSERT INTO `books` (`id`, `title`, `author_id`, `category_id`, `price`, `original_price`, `price_range`, `format`, `image_url`, `rating`, `stock_status`, `publisher`, `publication_date`, `language`, `description`, `is_bestseller`, `is_featured`, `is_onsale`, `is_mostviewed`, `is_deal_of_week`, `is_new_release`, `new_release_tab`) VALUES ('bio1', 'The Rural Diaries: Love, Livestock, and Big Life Lessons Down on Mischief Farm', 'aut_hilarie-burton', 'cat_hard-cover', 15, null, NULL, 'Hard Cover', 'https://bookworm.madrasthemes.com/wp-content/uploads/2020/08/img1-15.png', null, 1, NULL, NULL, 'English', NULL, 0, 0, 0, 0, 0, 0, NULL);
INSERT INTO `books` (`id`, `title`, `author_id`, `category_id`, `price`, `original_price`, `price_range`, `format`, `image_url`, `rating`, `stock_status`, `publisher`, `publication_date`, `language`, `description`, `is_bestseller`, `is_featured`, `is_onsale`, `is_mostviewed`, `is_deal_of_week`, `is_new_release`, `new_release_tab`) VALUES ('bio2', 'The Ride of a Lifetime: Lessons Learned from 15 Years as CEO', 'aut_robert-iger', 'cat_hard-cover', 15, null, NULL, 'Hard Cover', 'https://bookworm.madrasthemes.com/wp-content/uploads/2020/08/img1-19.png', null, 1, NULL, NULL, 'English', NULL, 0, 0, 0, 0, 0, 0, NULL);
INSERT INTO `books` (`id`, `title`, `author_id`, `category_id`, `price`, `original_price`, `price_range`, `format`, `image_url`, `rating`, `stock_status`, `publisher`, `publication_date`, `language`, `description`, `is_bestseller`, `is_featured`, `is_onsale`, `is_mostviewed`, `is_deal_of_week`, `is_new_release`, `new_release_tab`) VALUES ('bio3', 'Think Like a Monk: Train Your Mind for Peace and Purpose Everyday', 'aut_jay-shetty', 'cat_paperback', 29, null, NULL, 'Paperback', 'https://bookworm.madrasthemes.com/wp-content/uploads/2020/08/img1-12.png', null, 1, NULL, NULL, 'English', NULL, 0, 0, 0, 0, 0, 0, NULL);
INSERT INTO `books` (`id`, `title`, `author_id`, `category_id`, `price`, `original_price`, `price_range`, `format`, `image_url`, `rating`, `stock_status`, `publisher`, `publication_date`, `language`, `description`, `is_bestseller`, `is_featured`, `is_onsale`, `is_mostviewed`, `is_deal_of_week`, `is_new_release`, `new_release_tab`) VALUES ('shop1', 'All You Can Ever Know: A Memoir', 'aut_nicole-chung', 'cat_biographies-memoirs', 13.29, null, NULL, 'PAPERBACK', 'https://bookworm.madrasthemes.com/wp-content/uploads/2020/08/img1-17.png', 5, 1, NULL, NULL, 'English', NULL, 0, 0, 0, 0, 0, 0, NULL);
INSERT INTO `books` (`id`, `title`, `author_id`, `category_id`, `price`, `original_price`, `price_range`, `format`, `image_url`, `rating`, `stock_status`, `publisher`, `publication_date`, `language`, `description`, `is_bestseller`, `is_featured`, `is_onsale`, `is_mostviewed`, `is_deal_of_week`, `is_new_release`, `new_release_tab`) VALUES ('shop2', 'Dark in Death: An Eve Dallas Novel', 'aut_j-d-robb', 'cat_mystery-thriller', 14.2, null, NULL, 'HARDCOVER', 'https://bookworm.madrasthemes.com/wp-content/uploads/2020/08/img1-18.png', 4, 1, NULL, NULL, 'English', NULL, 0, 0, 0, 0, 0, 0, NULL);
INSERT INTO `books` (`id`, `title`, `author_id`, `category_id`, `price`, `original_price`, `price_range`, `format`, `image_url`, `rating`, `stock_status`, `publisher`, `publication_date`, `language`, `description`, `is_bestseller`, `is_featured`, `is_onsale`, `is_mostviewed`, `is_deal_of_week`, `is_new_release`, `new_release_tab`) VALUES ('shop3', 'Broken Faith: Inside the Word of God...', 'aut_edward-lee', 'cat_biographies-memoirs', 10.29, null, NULL, 'PAPERBACK', 'https://bookworm.madrasthemes.com/wp-content/uploads/2020/08/img1-16.png', 4, 1, NULL, NULL, 'English', NULL, 0, 0, 0, 0, 0, 0, NULL);
INSERT INTO `books` (`id`, `title`, `author_id`, `category_id`, `price`, `original_price`, `price_range`, `format`, `image_url`, `rating`, `stock_status`, `publisher`, `publication_date`, `language`, `description`, `is_bestseller`, `is_featured`, `is_onsale`, `is_mostviewed`, `is_deal_of_week`, `is_new_release`, `new_release_tab`) VALUES ('shop4', 'The Ride of a Lifetime: Lessons Learned from 15 Years as CEO', 'aut_robert-iger', 'cat_biographies-memoirs', 15, null, NULL, 'HARDCOVER', 'https://bookworm.madrasthemes.com/wp-content/uploads/2020/08/img1-19.png', 5, 1, NULL, NULL, 'English', NULL, 0, 0, 0, 0, 0, 0, NULL);
INSERT INTO `books` (`id`, `title`, `author_id`, `category_id`, `price`, `original_price`, `price_range`, `format`, `image_url`, `rating`, `stock_status`, `publisher`, `publication_date`, `language`, `description`, `is_bestseller`, `is_featured`, `is_onsale`, `is_mostviewed`, `is_deal_of_week`, `is_new_release`, `new_release_tab`) VALUES ('shop5', 'Beliefs with Dublin: A Story of Learning...', 'aut_patrick-taylor', 'cat_literature-fiction', 12.59, null, NULL, 'PAPERBACK', 'https://bookworm.madrasthemes.com/wp-content/uploads/2020/08/img1-13.png', 3, 1, NULL, NULL, 'English', NULL, 0, 0, 0, 0, 0, 0, NULL);
INSERT INTO `books` (`id`, `title`, `author_id`, `category_id`, `price`, `original_price`, `price_range`, `format`, `image_url`, `rating`, `stock_status`, `publisher`, `publication_date`, `language`, `description`, `is_bestseller`, `is_featured`, `is_onsale`, `is_mostviewed`, `is_deal_of_week`, `is_new_release`, `new_release_tab`) VALUES ('shop6', 'Angry God (All Saints High Book 3)', 'aut_lj-shen', 'romance', 1.3, 1.75, NULL, 'KINDLE', 'https://bookworm.madrasthemes.com/wp-content/uploads/2020/08/img1-17.png', 5, 1, NULL, NULL, 'English', NULL, 0, 0, 0, 0, 0, 0, NULL);
INSERT INTO `books` (`id`, `title`, `author_id`, `category_id`, `price`, `original_price`, `price_range`, `format`, `image_url`, `rating`, `stock_status`, `publisher`, `publication_date`, `language`, `description`, `is_bestseller`, `is_featured`, `is_onsale`, `is_mostviewed`, `is_deal_of_week`, `is_new_release`, `new_release_tab`) VALUES ('shop7', 'Ask Again, Yes: A Novel', 'aut_mary-beth-keane', 'cat_paperback', 11.51, null, NULL, 'PAPERBACK', 'https://bookworm.madrasthemes.com/wp-content/uploads/2020/08/img1-12.png', 4, 1, NULL, NULL, 'English', NULL, 0, 0, 0, 0, 0, 0, NULL);
INSERT INTO `books` (`id`, `title`, `author_id`, `category_id`, `price`, `original_price`, `price_range`, `format`, `image_url`, `rating`, `stock_status`, `publisher`, `publication_date`, `language`, `description`, `is_bestseller`, `is_featured`, `is_onsale`, `is_mostviewed`, `is_deal_of_week`, `is_new_release`, `new_release_tab`) VALUES ('shop8', 'Beneath a Scarlet Sky: A Novel', 'aut_conn-iggulden', 'cat_mystery-thriller', 2, 14, NULL, 'KINDLE EDITION', 'https://bookworm.madrasthemes.com/wp-content/uploads/2020/08/img1-13.png', 4, 1, NULL, NULL, 'English', NULL, 0, 0, 0, 0, 0, 0, NULL);
INSERT INTO `books` (`id`, `title`, `author_id`, `category_id`, `price`, `original_price`, `price_range`, `format`, `image_url`, `rating`, `stock_status`, `publisher`, `publication_date`, `language`, `description`, `is_bestseller`, `is_featured`, `is_onsale`, `is_mostviewed`, `is_deal_of_week`, `is_new_release`, `new_release_tab`) VALUES ('shop9', 'Beneath a Scarlet Sky: A Novel', 'aut_james-patterson', 'cat_mystery-thriller', 12.99, 14, NULL, 'KINDLE', 'https://bookworm.madrasthemes.com/wp-content/uploads/2020/08/img1-14.png', 5, 1, NULL, NULL, 'English', NULL, 0, 0, 0, 0, 0, 0, NULL);
INSERT INTO `books` (`id`, `title`, `author_id`, `category_id`, `price`, `original_price`, `price_range`, `format`, `image_url`, `rating`, `stock_status`, `publisher`, `publication_date`, `language`, `description`, `is_bestseller`, `is_featured`, `is_onsale`, `is_mostviewed`, `is_deal_of_week`, `is_new_release`, `new_release_tab`) VALUES ('shop10', 'The Rural Diaries: Love, Livestock, and Big Life Lessons Down on Mischief Farm', 'aut_hilarie-burton', 'cat_history', 15, null, NULL, 'HARDCOVER', 'https://bookworm.madrasthemes.com/wp-content/uploads/2020/08/img1-15.png', 5, 1, NULL, NULL, 'English', NULL, 0, 0, 0, 0, 0, 0, NULL);
INSERT INTO `books` (`id`, `title`, `author_id`, `category_id`, `price`, `original_price`, `price_range`, `format`, `image_url`, `rating`, `stock_status`, `publisher`, `publication_date`, `language`, `description`, `is_bestseller`, `is_featured`, `is_onsale`, `is_mostviewed`, `is_deal_of_week`, `is_new_release`, `new_release_tab`) VALUES ('shop11', 'Broken Faith: Inside the Word of God...', 'aut_edward-lee', 'cat_history', 10.29, null, NULL, 'HARDCOVER', 'https://bookworm.madrasthemes.com/wp-content/uploads/2020/08/img1-16.png', 5, 1, NULL, NULL, 'English', NULL, 0, 0, 0, 0, 0, 0, NULL);
INSERT INTO `books` (`id`, `title`, `author_id`, `category_id`, `price`, `original_price`, `price_range`, `format`, `image_url`, `rating`, `stock_status`, `publisher`, `publication_date`, `language`, `description`, `is_bestseller`, `is_featured`, `is_onsale`, `is_mostviewed`, `is_deal_of_week`, `is_new_release`, `new_release_tab`) VALUES ('shop12', 'All You Can Ever Know: A Memoir', 'aut_nicole-chung', 'cat_history', 13.29, null, NULL, 'PAPERBACK', 'https://bookworm.madrasthemes.com/wp-content/uploads/2020/08/img1-17.png', 4, 1, NULL, NULL, 'English', NULL, 0, 0, 0, 0, 0, 0, NULL);
INSERT INTO `books` (`id`, `title`, `author_id`, `category_id`, `price`, `original_price`, `price_range`, `format`, `image_url`, `rating`, `stock_status`, `publisher`, `publication_date`, `language`, `description`, `is_bestseller`, `is_featured`, `is_onsale`, `is_mostviewed`, `is_deal_of_week`, `is_new_release`, `new_release_tab`) VALUES ('shop13', 'Beliefs with Dublin: A Story of Learning...', 'aut_luanne-rice', 'cat_literature-fiction', 10.29, null, NULL, 'PAPERBACK', 'https://bookworm.madrasthemes.com/wp-content/uploads/2020/08/img1-18.png', 3, 1, NULL, NULL, 'English', NULL, 0, 0, 0, 0, 0, 0, NULL);
INSERT INTO `books` (`id`, `title`, `author_id`, `category_id`, `price`, `original_price`, `price_range`, `format`, `image_url`, `rating`, `stock_status`, `publisher`, `publication_date`, `language`, `description`, `is_bestseller`, `is_featured`, `is_onsale`, `is_mostviewed`, `is_deal_of_week`, `is_new_release`, `new_release_tab`) VALUES ('shop14', 'By Invitation Only: A Novel', 'aut_dorothea-benton-f', 'romance', 16.79, null, NULL, 'PAPERBACK', 'https://bookworm.madrasthemes.com/wp-content/uploads/2020/08/img1-19.png', 4, 1, NULL, NULL, 'English', NULL, 0, 0, 0, 0, 0, 0, NULL);
INSERT INTO `books` (`id`, `title`, `author_id`, `category_id`, `price`, `original_price`, `price_range`, `format`, `image_url`, `rating`, `stock_status`, `publisher`, `publication_date`, `language`, `description`, `is_bestseller`, `is_featured`, `is_onsale`, `is_mostviewed`, `is_deal_of_week`, `is_new_release`, `new_release_tab`) VALUES ('shop15', 'Call Me by Your Name', 'aut_andre-aciman', 'romance', 20.95, null, '$20.95 - $53.35', 'HARDCOVER, KINDLE, PAPE...', 'https://bookworm.madrasthemes.com/wp-content/uploads/2020/08/img1-20.png', 3, 1, NULL, NULL, 'English', NULL, 0, 0, 0, 0, 0, 0, NULL);
INSERT INTO `books` (`id`, `title`, `author_id`, `category_id`, `price`, `original_price`, `price_range`, `format`, `image_url`, `rating`, `stock_status`, `publisher`, `publication_date`, `language`, `description`, `is_bestseller`, `is_featured`, `is_onsale`, `is_mostviewed`, `is_deal_of_week`, `is_new_release`, `new_release_tab`) VALUES ('shop16', 'Carrier Minds', 'aut_john-grisham', 'cat_sci-fi-fantasy', 12.99, 17.99, NULL, 'PAPERBACK', 'https://bookworm.madrasthemes.com/wp-content/uploads/2020/08/img1-21.png', 4, 1, NULL, NULL, 'English', NULL, 0, 0, 0, 0, 0, 0, NULL);
INSERT INTO `books` (`id`, `title`, `author_id`, `category_id`, `price`, `original_price`, `price_range`, `format`, `image_url`, `rating`, `stock_status`, `publisher`, `publication_date`, `language`, `description`, `is_bestseller`, `is_featured`, `is_onsale`, `is_mostviewed`, `is_deal_of_week`, `is_new_release`, `new_release_tab`) VALUES ('shop17', 'Conqueror', 'aut_conn-iggulden', 'cat_history', 25.88, null, NULL, 'HARDCOVER', 'https://bookworm.madrasthemes.com/wp-content/uploads/2020/08/img1-22.png', 5, 1, NULL, NULL, 'English', NULL, 0, 0, 0, 0, 0, 0, NULL);
INSERT INTO `books` (`id`, `title`, `author_id`, `category_id`, `price`, `original_price`, `price_range`, `format`, `image_url`, `rating`, `stock_status`, `publisher`, `publication_date`, `language`, `description`, `is_bestseller`, `is_featured`, `is_onsale`, `is_mostviewed`, `is_deal_of_week`, `is_new_release`, `new_release_tab`) VALUES ('shop18', 'Think Like a Monk: Train Your Mind for Peace and Purpose Everyday', 'aut_jay-shetty', 'cat_mystery-thriller', 29, null, NULL, 'HARDCOVER', 'https://bookworm.madrasthemes.com/wp-content/uploads/2020/08/img1-12.png', 4, 1, NULL, NULL, 'English', NULL, 0, 0, 0, 0, 0, 0, NULL);
INSERT INTO `books` (`id`, `title`, `author_id`, `category_id`, `price`, `original_price`, `price_range`, `format`, `image_url`, `rating`, `stock_status`, `publisher`, `publication_date`, `language`, `description`, `is_bestseller`, `is_featured`, `is_onsale`, `is_mostviewed`, `is_deal_of_week`, `is_new_release`, `new_release_tab`) VALUES ('shop19', 'Beneath a Scarlet Sky: A Novel', 'aut_conn-iggulden', 'cat_mystery-thriller', 14, null, NULL, 'HARDCOVER', 'https://bookworm.madrasthemes.com/wp-content/uploads/2020/08/img1-13.png', 4, 1, NULL, NULL, 'English', NULL, 0, 0, 0, 0, 0, 0, NULL);
INSERT INTO `books` (`id`, `title`, `author_id`, `category_id`, `price`, `original_price`, `price_range`, `format`, `image_url`, `rating`, `stock_status`, `publisher`, `publication_date`, `language`, `description`, `is_bestseller`, `is_featured`, `is_onsale`, `is_mostviewed`, `is_deal_of_week`, `is_new_release`, `new_release_tab`) VALUES ('shop20', 'Becoming', 'aut_michelle-obama', 'cat_mystery-thriller', 25, null, NULL, 'KINDLE', 'https://bookworm.madrasthemes.com/wp-content/uploads/2020/08/img1-14.png', 5, 1, NULL, NULL, 'English', NULL, 0, 0, 0, 0, 0, 0, NULL);
INSERT INTO `books` (`id`, `title`, `author_id`, `category_id`, `price`, `original_price`, `price_range`, `format`, `image_url`, `rating`, `stock_status`, `publisher`, `publication_date`, `language`, `description`, `is_bestseller`, `is_featured`, `is_onsale`, `is_mostviewed`, `is_deal_of_week`, `is_new_release`, `new_release_tab`) VALUES ('shop21', 'Harry Potter and the Sorcerer''s Stone', 'aut_jk-rowling', 'cat_sci-fi-fantasy', 19.99, null, NULL, 'HARDCOVER', 'https://bookworm.madrasthemes.com/wp-content/uploads/2020/08/img1-13.png', 5, 1, NULL, NULL, 'English', NULL, 0, 0, 0, 0, 0, 0, NULL);
INSERT INTO `books` (`id`, `title`, `author_id`, `category_id`, `price`, `original_price`, `price_range`, `format`, `image_url`, `rating`, `stock_status`, `publisher`, `publication_date`, `language`, `description`, `is_bestseller`, `is_featured`, `is_onsale`, `is_mostviewed`, `is_deal_of_week`, `is_new_release`, `new_release_tab`) VALUES ('shop22', 'The Institute: A Novel', 'auth2', 'cat_mystery-thriller', 14.99, null, NULL, 'HARDCOVER', 'https://bookworm.madrasthemes.com/wp-content/uploads/2020/08/img1-12.png', 5, 1, NULL, NULL, 'English', NULL, 0, 0, 0, 0, 0, 0, NULL);
INSERT INTO `books` (`id`, `title`, `author_id`, `category_id`, `price`, `original_price`, `price_range`, `format`, `image_url`, `rating`, `stock_status`, `publisher`, `publication_date`, `language`, `description`, `is_bestseller`, `is_featured`, `is_onsale`, `is_mostviewed`, `is_deal_of_week`, `is_new_release`, `new_release_tab`) VALUES ('shop23', 'All You Can Ever Know: A Memoir', 'aut_nicole-chung', 'cat_biographies-memoirs', 13.29, null, NULL, 'PAPERBACK', 'https://bookworm.madrasthemes.com/wp-content/uploads/2020/08/img1-17.png', 5, 1, NULL, NULL, 'English', NULL, 0, 0, 0, 0, 0, 0, NULL);
INSERT INTO `books` (`id`, `title`, `author_id`, `category_id`, `price`, `original_price`, `price_range`, `format`, `image_url`, `rating`, `stock_status`, `publisher`, `publication_date`, `language`, `description`, `is_bestseller`, `is_featured`, `is_onsale`, `is_mostviewed`, `is_deal_of_week`, `is_new_release`, `new_release_tab`) VALUES ('shop24', 'Dark in Death: An Eve Dallas Novel', 'aut_j-d-robb', 'cat_mystery-thriller', 14.2, null, NULL, 'HARDCOVER', 'https://bookworm.madrasthemes.com/wp-content/uploads/2020/08/img1-18.png', 4, 1, NULL, NULL, 'English', NULL, 0, 0, 0, 0, 0, 0, NULL);
INSERT INTO `books` (`id`, `title`, `author_id`, `category_id`, `price`, `original_price`, `price_range`, `format`, `image_url`, `rating`, `stock_status`, `publisher`, `publication_date`, `language`, `description`, `is_bestseller`, `is_featured`, `is_onsale`, `is_mostviewed`, `is_deal_of_week`, `is_new_release`, `new_release_tab`) VALUES ('shop25', 'Broken Faith: Inside the Word of God...', 'aut_edward-lee', 'cat_biographies-memoirs', 10.29, null, NULL, 'PAPERBACK', 'https://bookworm.madrasthemes.com/wp-content/uploads/2020/08/img1-16.png', 4, 1, NULL, NULL, 'English', NULL, 0, 0, 0, 0, 0, 0, NULL);
INSERT INTO `books` (`id`, `title`, `author_id`, `category_id`, `price`, `original_price`, `price_range`, `format`, `image_url`, `rating`, `stock_status`, `publisher`, `publication_date`, `language`, `description`, `is_bestseller`, `is_featured`, `is_onsale`, `is_mostviewed`, `is_deal_of_week`, `is_new_release`, `new_release_tab`) VALUES ('shop26', 'The Ride of a Lifetime: Lessons Learned from 15 Years as CEO', 'aut_robert-iger', 'cat_biographies-memoirs', 15, null, NULL, 'HARDCOVER', 'https://bookworm.madrasthemes.com/wp-content/uploads/2020/08/img1-19.png', 5, 1, NULL, NULL, 'English', NULL, 0, 0, 0, 0, 0, 0, NULL);
INSERT INTO `books` (`id`, `title`, `author_id`, `category_id`, `price`, `original_price`, `price_range`, `format`, `image_url`, `rating`, `stock_status`, `publisher`, `publication_date`, `language`, `description`, `is_bestseller`, `is_featured`, `is_onsale`, `is_mostviewed`, `is_deal_of_week`, `is_new_release`, `new_release_tab`) VALUES ('shop27', 'Beliefs with Dublin: A Story of Learning...', 'aut_patrick-taylor', 'cat_literature-fiction', 12.59, null, NULL, 'PAPERBACK', 'https://bookworm.madrasthemes.com/wp-content/uploads/2020/08/img1-13.png', 3, 1, NULL, NULL, 'English', NULL, 0, 0, 0, 0, 0, 0, NULL);
INSERT INTO `books` (`id`, `title`, `author_id`, `category_id`, `price`, `original_price`, `price_range`, `format`, `image_url`, `rating`, `stock_status`, `publisher`, `publication_date`, `language`, `description`, `is_bestseller`, `is_featured`, `is_onsale`, `is_mostviewed`, `is_deal_of_week`, `is_new_release`, `new_release_tab`) VALUES ('shop28', 'Angry God (All Saints High Book 3)', 'aut_lj-shen', 'romance', 1.3, 1.75, NULL, 'KINDLE', 'https://bookworm.madrasthemes.com/wp-content/uploads/2020/08/img1-17.png', 5, 1, NULL, NULL, 'English', NULL, 0, 0, 0, 0, 0, 0, NULL);
INSERT INTO `books` (`id`, `title`, `author_id`, `category_id`, `price`, `original_price`, `price_range`, `format`, `image_url`, `rating`, `stock_status`, `publisher`, `publication_date`, `language`, `description`, `is_bestseller`, `is_featured`, `is_onsale`, `is_mostviewed`, `is_deal_of_week`, `is_new_release`, `new_release_tab`) VALUES ('shop29', 'Ask Again, Yes: A Novel', 'aut_mary-beth-keane', 'cat_paperback', 11.51, null, NULL, 'PAPERBACK', 'https://bookworm.madrasthemes.com/wp-content/uploads/2020/08/img1-12.png', 4, 1, NULL, NULL, 'English', NULL, 0, 0, 0, 0, 0, 0, NULL);
INSERT INTO `books` (`id`, `title`, `author_id`, `category_id`, `price`, `original_price`, `price_range`, `format`, `image_url`, `rating`, `stock_status`, `publisher`, `publication_date`, `language`, `description`, `is_bestseller`, `is_featured`, `is_onsale`, `is_mostviewed`, `is_deal_of_week`, `is_new_release`, `new_release_tab`) VALUES ('shop30', 'Beneath a Scarlet Sky: A Novel', 'aut_conn-iggulden', 'cat_mystery-thriller', 2, 14, NULL, 'KINDLE EDITION', 'https://bookworm.madrasthemes.com/wp-content/uploads/2020/08/img1-13.png', 4, 1, NULL, NULL, 'English', NULL, 0, 0, 0, 0, 0, 0, NULL);
INSERT INTO `books` (`id`, `title`, `author_id`, `category_id`, `price`, `original_price`, `price_range`, `format`, `image_url`, `rating`, `stock_status`, `publisher`, `publication_date`, `language`, `description`, `is_bestseller`, `is_featured`, `is_onsale`, `is_mostviewed`, `is_deal_of_week`, `is_new_release`, `new_release_tab`) VALUES ('shop31', 'Beneath a Scarlet Sky: A Novel', 'aut_james-patterson', 'cat_mystery-thriller', 12.99, 14, NULL, 'KINDLE', 'https://bookworm.madrasthemes.com/wp-content/uploads/2020/08/img1-14.png', 5, 1, NULL, NULL, 'English', NULL, 0, 0, 0, 0, 0, 0, NULL);
INSERT INTO `books` (`id`, `title`, `author_id`, `category_id`, `price`, `original_price`, `price_range`, `format`, `image_url`, `rating`, `stock_status`, `publisher`, `publication_date`, `language`, `description`, `is_bestseller`, `is_featured`, `is_onsale`, `is_mostviewed`, `is_deal_of_week`, `is_new_release`, `new_release_tab`) VALUES ('shop32', 'The Rural Diaries: Love, Livestock, and Big Life Lessons Down on Mischief Farm', 'aut_hilarie-burton', 'cat_history', 15, null, NULL, 'HARDCOVER', 'https://bookworm.madrasthemes.com/wp-content/uploads/2020/08/img1-15.png', 5, 1, NULL, NULL, 'English', NULL, 0, 0, 0, 0, 0, 0, NULL);
INSERT INTO `books` (`id`, `title`, `author_id`, `category_id`, `price`, `original_price`, `price_range`, `format`, `image_url`, `rating`, `stock_status`, `publisher`, `publication_date`, `language`, `description`, `is_bestseller`, `is_featured`, `is_onsale`, `is_mostviewed`, `is_deal_of_week`, `is_new_release`, `new_release_tab`) VALUES ('shop33', 'Broken Faith: Inside the Word of God...', 'aut_edward-lee', 'cat_history', 10.29, null, NULL, 'HARDCOVER', 'https://bookworm.madrasthemes.com/wp-content/uploads/2020/08/img1-16.png', 5, 1, NULL, NULL, 'English', NULL, 0, 0, 0, 0, 0, 0, NULL);
INSERT INTO `books` (`id`, `title`, `author_id`, `category_id`, `price`, `original_price`, `price_range`, `format`, `image_url`, `rating`, `stock_status`, `publisher`, `publication_date`, `language`, `description`, `is_bestseller`, `is_featured`, `is_onsale`, `is_mostviewed`, `is_deal_of_week`, `is_new_release`, `new_release_tab`) VALUES ('shop34', 'All You Can Ever Know: A Memoir', 'aut_nicole-chung', 'cat_history', 13.29, null, NULL, 'PAPERBACK', 'https://bookworm.madrasthemes.com/wp-content/uploads/2020/08/img1-17.png', 4, 1, NULL, NULL, 'English', NULL, 0, 0, 0, 0, 0, 0, NULL);
INSERT INTO `books` (`id`, `title`, `author_id`, `category_id`, `price`, `original_price`, `price_range`, `format`, `image_url`, `rating`, `stock_status`, `publisher`, `publication_date`, `language`, `description`, `is_bestseller`, `is_featured`, `is_onsale`, `is_mostviewed`, `is_deal_of_week`, `is_new_release`, `new_release_tab`) VALUES ('shop35', 'Beliefs with Dublin: A Story of Learning...', 'aut_luanne-rice', 'cat_literature-fiction', 10.29, null, NULL, 'PAPERBACK', 'https://bookworm.madrasthemes.com/wp-content/uploads/2020/08/img1-18.png', 3, 1, NULL, NULL, 'English', NULL, 0, 0, 0, 0, 0, 0, NULL);
INSERT INTO `books` (`id`, `title`, `author_id`, `category_id`, `price`, `original_price`, `price_range`, `format`, `image_url`, `rating`, `stock_status`, `publisher`, `publication_date`, `language`, `description`, `is_bestseller`, `is_featured`, `is_onsale`, `is_mostviewed`, `is_deal_of_week`, `is_new_release`, `new_release_tab`) VALUES ('shop36', 'By Invitation Only: A Novel', 'aut_dorothea-benton-f', 'romance', 16.79, null, NULL, 'PAPERBACK', 'https://bookworm.madrasthemes.com/wp-content/uploads/2020/08/img1-19.png', 4, 1, NULL, NULL, 'English', NULL, 0, 0, 0, 0, 0, 0, NULL);
INSERT INTO `books` (`id`, `title`, `author_id`, `category_id`, `price`, `original_price`, `price_range`, `format`, `image_url`, `rating`, `stock_status`, `publisher`, `publication_date`, `language`, `description`, `is_bestseller`, `is_featured`, `is_onsale`, `is_mostviewed`, `is_deal_of_week`, `is_new_release`, `new_release_tab`) VALUES ('shop37', 'Call Me by Your Name', 'aut_andre-aciman', 'romance', 20.95, null, '$20.95 - $53.35', 'HARDCOVER, KINDLE, PAPE...', 'https://bookworm.madrasthemes.com/wp-content/uploads/2020/08/img1-20.png', 3, 1, NULL, NULL, 'English', NULL, 0, 0, 0, 0, 0, 0, NULL);
INSERT INTO `books` (`id`, `title`, `author_id`, `category_id`, `price`, `original_price`, `price_range`, `format`, `image_url`, `rating`, `stock_status`, `publisher`, `publication_date`, `language`, `description`, `is_bestseller`, `is_featured`, `is_onsale`, `is_mostviewed`, `is_deal_of_week`, `is_new_release`, `new_release_tab`) VALUES ('shop38', 'Carrier Minds', 'aut_john-grisham', 'cat_sci-fi-fantasy', 12.99, 17.99, NULL, 'PAPERBACK', 'https://bookworm.madrasthemes.com/wp-content/uploads/2020/08/img1-21.png', 4, 1, NULL, NULL, 'English', NULL, 0, 0, 0, 0, 0, 0, NULL);
INSERT INTO `books` (`id`, `title`, `author_id`, `category_id`, `price`, `original_price`, `price_range`, `format`, `image_url`, `rating`, `stock_status`, `publisher`, `publication_date`, `language`, `description`, `is_bestseller`, `is_featured`, `is_onsale`, `is_mostviewed`, `is_deal_of_week`, `is_new_release`, `new_release_tab`) VALUES ('shop39', 'Conqueror', 'aut_conn-iggulden', 'cat_history', 25.88, null, NULL, 'HARDCOVER', 'https://bookworm.madrasthemes.com/wp-content/uploads/2020/08/img1-22.png', 5, 1, NULL, NULL, 'English', NULL, 0, 0, 0, 0, 0, 0, NULL);
INSERT INTO `books` (`id`, `title`, `author_id`, `category_id`, `price`, `original_price`, `price_range`, `format`, `image_url`, `rating`, `stock_status`, `publisher`, `publication_date`, `language`, `description`, `is_bestseller`, `is_featured`, `is_onsale`, `is_mostviewed`, `is_deal_of_week`, `is_new_release`, `new_release_tab`) VALUES ('shop40', 'Think Like a Monk: Train Your Mind for Peace and Purpose Everyday', 'aut_jay-shetty', 'cat_mystery-thriller', 29, null, NULL, 'HARDCOVER', 'https://bookworm.madrasthemes.com/wp-content/uploads/2020/08/img1-12.png', 4, 1, NULL, NULL, 'English', NULL, 0, 0, 0, 0, 0, 0, NULL);
INSERT INTO `books` (`id`, `title`, `author_id`, `category_id`, `price`, `original_price`, `price_range`, `format`, `image_url`, `rating`, `stock_status`, `publisher`, `publication_date`, `language`, `description`, `is_bestseller`, `is_featured`, `is_onsale`, `is_mostviewed`, `is_deal_of_week`, `is_new_release`, `new_release_tab`) VALUES ('shop41', 'Beneath a Scarlet Sky: A Novel', 'aut_conn-iggulden', 'cat_mystery-thriller', 14, null, NULL, 'HARDCOVER', 'https://bookworm.madrasthemes.com/wp-content/uploads/2020/08/img1-13.png', 4, 1, NULL, NULL, 'English', NULL, 0, 0, 0, 0, 0, 0, NULL);
INSERT INTO `books` (`id`, `title`, `author_id`, `category_id`, `price`, `original_price`, `price_range`, `format`, `image_url`, `rating`, `stock_status`, `publisher`, `publication_date`, `language`, `description`, `is_bestseller`, `is_featured`, `is_onsale`, `is_mostviewed`, `is_deal_of_week`, `is_new_release`, `new_release_tab`) VALUES ('shop42', 'Becoming', 'aut_michelle-obama', 'cat_mystery-thriller', 25, null, NULL, 'KINDLE', 'https://bookworm.madrasthemes.com/wp-content/uploads/2020/08/img1-14.png', 5, 1, NULL, NULL, 'English', NULL, 0, 0, 0, 0, 0, 0, NULL);
INSERT INTO `books` (`id`, `title`, `author_id`, `category_id`, `price`, `original_price`, `price_range`, `format`, `image_url`, `rating`, `stock_status`, `publisher`, `publication_date`, `language`, `description`, `is_bestseller`, `is_featured`, `is_onsale`, `is_mostviewed`, `is_deal_of_week`, `is_new_release`, `new_release_tab`) VALUES ('shop43', 'Harry Potter and the Sorcerer''s Stone', 'aut_jk-rowling', 'cat_sci-fi-fantasy', 19.99, null, NULL, 'HARDCOVER', 'https://bookworm.madrasthemes.com/wp-content/uploads/2020/08/img1-13.png', 5, 1, NULL, NULL, 'English', NULL, 0, 0, 0, 0, 0, 0, NULL);
INSERT INTO `books` (`id`, `title`, `author_id`, `category_id`, `price`, `original_price`, `price_range`, `format`, `image_url`, `rating`, `stock_status`, `publisher`, `publication_date`, `language`, `description`, `is_bestseller`, `is_featured`, `is_onsale`, `is_mostviewed`, `is_deal_of_week`, `is_new_release`, `new_release_tab`) VALUES ('shop44', 'The Institute: A Novel', 'auth2', 'cat_mystery-thriller', 14.99, null, NULL, 'HARDCOVER', 'https://bookworm.madrasthemes.com/wp-content/uploads/2020/08/img1-12.png', 5, 1, NULL, NULL, 'English', NULL, 0, 0, 0, 0, 0, 0, NULL);
INSERT INTO `books` (`id`, `title`, `author_id`, `category_id`, `price`, `original_price`, `price_range`, `format`, `image_url`, `rating`, `stock_status`, `publisher`, `publication_date`, `language`, `description`, `is_bestseller`, `is_featured`, `is_onsale`, `is_mostviewed`, `is_deal_of_week`, `is_new_release`, `new_release_tab`) VALUES ('shop45', 'All You Can Ever Know: A Memoir', 'aut_nicole-chung', 'cat_biographies-memoirs', 13.29, null, NULL, 'PAPERBACK', 'https://bookworm.madrasthemes.com/wp-content/uploads/2020/08/img1-17.png', 5, 1, NULL, NULL, 'English', NULL, 0, 0, 0, 0, 0, 0, NULL);
INSERT INTO `books` (`id`, `title`, `author_id`, `category_id`, `price`, `original_price`, `price_range`, `format`, `image_url`, `rating`, `stock_status`, `publisher`, `publication_date`, `language`, `description`, `is_bestseller`, `is_featured`, `is_onsale`, `is_mostviewed`, `is_deal_of_week`, `is_new_release`, `new_release_tab`) VALUES ('shop46', 'Dark in Death: An Eve Dallas Novel', 'aut_j-d-robb', 'cat_mystery-thriller', 14.2, null, NULL, 'HARDCOVER', 'https://bookworm.madrasthemes.com/wp-content/uploads/2020/08/img1-18.png', 4, 1, NULL, NULL, 'English', NULL, 0, 0, 0, 0, 0, 0, NULL);
INSERT INTO `books` (`id`, `title`, `author_id`, `category_id`, `price`, `original_price`, `price_range`, `format`, `image_url`, `rating`, `stock_status`, `publisher`, `publication_date`, `language`, `description`, `is_bestseller`, `is_featured`, `is_onsale`, `is_mostviewed`, `is_deal_of_week`, `is_new_release`, `new_release_tab`) VALUES ('shop47', 'Broken Faith: Inside the Word of God...', 'aut_edward-lee', 'cat_biographies-memoirs', 10.29, null, NULL, 'PAPERBACK', 'https://bookworm.madrasthemes.com/wp-content/uploads/2020/08/img1-16.png', 4, 1, NULL, NULL, 'English', NULL, 0, 0, 0, 0, 0, 0, NULL);
INSERT INTO `books` (`id`, `title`, `author_id`, `category_id`, `price`, `original_price`, `price_range`, `format`, `image_url`, `rating`, `stock_status`, `publisher`, `publication_date`, `language`, `description`, `is_bestseller`, `is_featured`, `is_onsale`, `is_mostviewed`, `is_deal_of_week`, `is_new_release`, `new_release_tab`) VALUES ('shop48', 'The Ride of a Lifetime: Lessons Learned from 15 Years as CEO', 'aut_robert-iger', 'cat_biographies-memoirs', 15, null, NULL, 'HARDCOVER', 'https://bookworm.madrasthemes.com/wp-content/uploads/2020/08/img1-19.png', 5, 1, NULL, NULL, 'English', NULL, 0, 0, 0, 0, 0, 0, NULL);
INSERT INTO `books` (`id`, `title`, `author_id`, `category_id`, `price`, `original_price`, `price_range`, `format`, `image_url`, `rating`, `stock_status`, `publisher`, `publication_date`, `language`, `description`, `is_bestseller`, `is_featured`, `is_onsale`, `is_mostviewed`, `is_deal_of_week`, `is_new_release`, `new_release_tab`) VALUES ('shop49', 'Beliefs with Dublin: A Story of Learning...', 'aut_patrick-taylor', 'cat_literature-fiction', 12.59, null, NULL, 'PAPERBACK', 'https://bookworm.madrasthemes.com/wp-content/uploads/2020/08/img1-13.png', 3, 1, NULL, NULL, 'English', NULL, 0, 0, 0, 0, 0, 0, NULL);
INSERT INTO `books` (`id`, `title`, `author_id`, `category_id`, `price`, `original_price`, `price_range`, `format`, `image_url`, `rating`, `stock_status`, `publisher`, `publication_date`, `language`, `description`, `is_bestseller`, `is_featured`, `is_onsale`, `is_mostviewed`, `is_deal_of_week`, `is_new_release`, `new_release_tab`) VALUES ('shop50', 'Angry God (All Saints High Book 3)', 'aut_lj-shen', 'romance', 1.3, 1.75, NULL, 'KINDLE', 'https://bookworm.madrasthemes.com/wp-content/uploads/2020/08/img1-17.png', 5, 1, NULL, NULL, 'English', NULL, 0, 0, 0, 0, 0, 0, NULL);
INSERT INTO `books` (`id`, `title`, `author_id`, `category_id`, `price`, `original_price`, `price_range`, `format`, `image_url`, `rating`, `stock_status`, `publisher`, `publication_date`, `language`, `description`, `is_bestseller`, `is_featured`, `is_onsale`, `is_mostviewed`, `is_deal_of_week`, `is_new_release`, `new_release_tab`) VALUES ('shop51', 'Ask Again, Yes: A Novel', 'aut_mary-beth-keane', 'cat_paperback', 11.51, null, NULL, 'PAPERBACK', 'https://bookworm.madrasthemes.com/wp-content/uploads/2020/08/img1-12.png', 4, 1, NULL, NULL, 'English', NULL, 0, 0, 0, 0, 0, 0, NULL);
INSERT INTO `books` (`id`, `title`, `author_id`, `category_id`, `price`, `original_price`, `price_range`, `format`, `image_url`, `rating`, `stock_status`, `publisher`, `publication_date`, `language`, `description`, `is_bestseller`, `is_featured`, `is_onsale`, `is_mostviewed`, `is_deal_of_week`, `is_new_release`, `new_release_tab`) VALUES ('shop52', 'Beneath a Scarlet Sky: A Novel', 'aut_conn-iggulden', 'cat_mystery-thriller', 2, 14, NULL, 'KINDLE EDITION', 'https://bookworm.madrasthemes.com/wp-content/uploads/2020/08/img1-13.png', 4, 1, NULL, NULL, 'English', NULL, 0, 0, 0, 0, 0, 0, NULL);
INSERT INTO `books` (`id`, `title`, `author_id`, `category_id`, `price`, `original_price`, `price_range`, `format`, `image_url`, `rating`, `stock_status`, `publisher`, `publication_date`, `language`, `description`, `is_bestseller`, `is_featured`, `is_onsale`, `is_mostviewed`, `is_deal_of_week`, `is_new_release`, `new_release_tab`) VALUES ('shop53', 'Beneath a Scarlet Sky: A Novel', 'aut_james-patterson', 'cat_mystery-thriller', 12.99, 14, NULL, 'KINDLE', 'https://bookworm.madrasthemes.com/wp-content/uploads/2020/08/img1-14.png', 5, 1, NULL, NULL, 'English', NULL, 0, 0, 0, 0, 0, 0, NULL);
INSERT INTO `books` (`id`, `title`, `author_id`, `category_id`, `price`, `original_price`, `price_range`, `format`, `image_url`, `rating`, `stock_status`, `publisher`, `publication_date`, `language`, `description`, `is_bestseller`, `is_featured`, `is_onsale`, `is_mostviewed`, `is_deal_of_week`, `is_new_release`, `new_release_tab`) VALUES ('shop54', 'The Rural Diaries: Love, Livestock, and Big Life Lessons Down on Mischief Farm', 'aut_hilarie-burton', 'cat_history', 15, null, NULL, 'HARDCOVER', 'https://bookworm.madrasthemes.com/wp-content/uploads/2020/08/img1-15.png', 5, 1, NULL, NULL, 'English', NULL, 0, 0, 0, 0, 0, 0, NULL);
INSERT INTO `books` (`id`, `title`, `author_id`, `category_id`, `price`, `original_price`, `price_range`, `format`, `image_url`, `rating`, `stock_status`, `publisher`, `publication_date`, `language`, `description`, `is_bestseller`, `is_featured`, `is_onsale`, `is_mostviewed`, `is_deal_of_week`, `is_new_release`, `new_release_tab`) VALUES ('shop55', 'Broken Faith: Inside the Word of God...', 'aut_edward-lee', 'cat_history', 10.29, null, NULL, 'HARDCOVER', 'https://bookworm.madrasthemes.com/wp-content/uploads/2020/08/img1-16.png', 5, 1, NULL, NULL, 'English', NULL, 0, 0, 0, 0, 0, 0, NULL);
INSERT INTO `books` (`id`, `title`, `author_id`, `category_id`, `price`, `original_price`, `price_range`, `format`, `image_url`, `rating`, `stock_status`, `publisher`, `publication_date`, `language`, `description`, `is_bestseller`, `is_featured`, `is_onsale`, `is_mostviewed`, `is_deal_of_week`, `is_new_release`, `new_release_tab`) VALUES ('shop56', 'All You Can Ever Know: A Memoir', 'aut_nicole-chung', 'cat_history', 13.29, null, NULL, 'PAPERBACK', 'https://bookworm.madrasthemes.com/wp-content/uploads/2020/08/img1-17.png', 4, 1, NULL, NULL, 'English', NULL, 0, 0, 0, 0, 0, 0, NULL);
INSERT INTO `books` (`id`, `title`, `author_id`, `category_id`, `price`, `original_price`, `price_range`, `format`, `image_url`, `rating`, `stock_status`, `publisher`, `publication_date`, `language`, `description`, `is_bestseller`, `is_featured`, `is_onsale`, `is_mostviewed`, `is_deal_of_week`, `is_new_release`, `new_release_tab`) VALUES ('shop57', 'Beliefs with Dublin: A Story of Learning...', 'aut_luanne-rice', 'cat_literature-fiction', 10.29, null, NULL, 'PAPERBACK', 'https://bookworm.madrasthemes.com/wp-content/uploads/2020/08/img1-18.png', 3, 1, NULL, NULL, 'English', NULL, 0, 0, 0, 0, 0, 0, NULL);
INSERT INTO `books` (`id`, `title`, `author_id`, `category_id`, `price`, `original_price`, `price_range`, `format`, `image_url`, `rating`, `stock_status`, `publisher`, `publication_date`, `language`, `description`, `is_bestseller`, `is_featured`, `is_onsale`, `is_mostviewed`, `is_deal_of_week`, `is_new_release`, `new_release_tab`) VALUES ('shop58', 'By Invitation Only: A Novel', 'aut_dorothea-benton-f', 'romance', 16.79, null, NULL, 'PAPERBACK', 'https://bookworm.madrasthemes.com/wp-content/uploads/2020/08/img1-19.png', 4, 1, NULL, NULL, 'English', NULL, 0, 0, 0, 0, 0, 0, NULL);
INSERT INTO `books` (`id`, `title`, `author_id`, `category_id`, `price`, `original_price`, `price_range`, `format`, `image_url`, `rating`, `stock_status`, `publisher`, `publication_date`, `language`, `description`, `is_bestseller`, `is_featured`, `is_onsale`, `is_mostviewed`, `is_deal_of_week`, `is_new_release`, `new_release_tab`) VALUES ('shop59', 'Call Me by Your Name', 'aut_andre-aciman', 'romance', 20.95, null, '$20.95 - $53.35', 'HARDCOVER, KINDLE, PAPE...', 'https://bookworm.madrasthemes.com/wp-content/uploads/2020/08/img1-20.png', 3, 1, NULL, NULL, 'English', NULL, 0, 0, 0, 0, 0, 0, NULL);
INSERT INTO `books` (`id`, `title`, `author_id`, `category_id`, `price`, `original_price`, `price_range`, `format`, `image_url`, `rating`, `stock_status`, `publisher`, `publication_date`, `language`, `description`, `is_bestseller`, `is_featured`, `is_onsale`, `is_mostviewed`, `is_deal_of_week`, `is_new_release`, `new_release_tab`) VALUES ('shop60', 'Carrier Minds', 'aut_john-grisham', 'cat_sci-fi-fantasy', 12.99, 17.99, NULL, 'PAPERBACK', 'https://bookworm.madrasthemes.com/wp-content/uploads/2020/08/img1-21.png', 4, 1, NULL, NULL, 'English', NULL, 0, 0, 0, 0, 0, 0, NULL);
INSERT INTO `books` (`id`, `title`, `author_id`, `category_id`, `price`, `original_price`, `price_range`, `format`, `image_url`, `rating`, `stock_status`, `publisher`, `publication_date`, `language`, `description`, `is_bestseller`, `is_featured`, `is_onsale`, `is_mostviewed`, `is_deal_of_week`, `is_new_release`, `new_release_tab`) VALUES ('shop61', 'Conqueror', 'aut_conn-iggulden', 'cat_history', 25.88, null, NULL, 'HARDCOVER', 'https://bookworm.madrasthemes.com/wp-content/uploads/2020/08/img1-22.png', 5, 1, NULL, NULL, 'English', NULL, 0, 0, 0, 0, 0, 0, NULL);
INSERT INTO `books` (`id`, `title`, `author_id`, `category_id`, `price`, `original_price`, `price_range`, `format`, `image_url`, `rating`, `stock_status`, `publisher`, `publication_date`, `language`, `description`, `is_bestseller`, `is_featured`, `is_onsale`, `is_mostviewed`, `is_deal_of_week`, `is_new_release`, `new_release_tab`) VALUES ('shop62', 'Think Like a Monk: Train Your Mind for Peace and Purpose Everyday', 'aut_jay-shetty', 'cat_mystery-thriller', 29, null, NULL, 'HARDCOVER', 'https://bookworm.madrasthemes.com/wp-content/uploads/2020/08/img1-12.png', 4, 1, NULL, NULL, 'English', NULL, 0, 0, 0, 0, 0, 0, NULL);
INSERT INTO `books` (`id`, `title`, `author_id`, `category_id`, `price`, `original_price`, `price_range`, `format`, `image_url`, `rating`, `stock_status`, `publisher`, `publication_date`, `language`, `description`, `is_bestseller`, `is_featured`, `is_onsale`, `is_mostviewed`, `is_deal_of_week`, `is_new_release`, `new_release_tab`) VALUES ('shop63', 'Beneath a Scarlet Sky: A Novel', 'aut_conn-iggulden', 'cat_mystery-thriller', 14, null, NULL, 'HARDCOVER', 'https://bookworm.madrasthemes.com/wp-content/uploads/2020/08/img1-13.png', 4, 1, NULL, NULL, 'English', NULL, 0, 0, 0, 0, 0, 0, NULL);
INSERT INTO `books` (`id`, `title`, `author_id`, `category_id`, `price`, `original_price`, `price_range`, `format`, `image_url`, `rating`, `stock_status`, `publisher`, `publication_date`, `language`, `description`, `is_bestseller`, `is_featured`, `is_onsale`, `is_mostviewed`, `is_deal_of_week`, `is_new_release`, `new_release_tab`) VALUES ('shop64', 'Becoming', 'aut_michelle-obama', 'cat_mystery-thriller', 25, null, NULL, 'KINDLE', 'https://bookworm.madrasthemes.com/wp-content/uploads/2020/08/img1-14.png', 5, 1, NULL, NULL, 'English', NULL, 0, 0, 0, 0, 0, 0, NULL);
INSERT INTO `books` (`id`, `title`, `author_id`, `category_id`, `price`, `original_price`, `price_range`, `format`, `image_url`, `rating`, `stock_status`, `publisher`, `publication_date`, `language`, `description`, `is_bestseller`, `is_featured`, `is_onsale`, `is_mostviewed`, `is_deal_of_week`, `is_new_release`, `new_release_tab`) VALUES ('shop65', 'Harry Potter and the Sorcerer''s Stone', 'aut_jk-rowling', 'cat_sci-fi-fantasy', 19.99, null, NULL, 'HARDCOVER', 'https://bookworm.madrasthemes.com/wp-content/uploads/2020/08/img1-13.png', 5, 1, NULL, NULL, 'English', NULL, 0, 0, 0, 0, 0, 0, NULL);
INSERT INTO `books` (`id`, `title`, `author_id`, `category_id`, `price`, `original_price`, `price_range`, `format`, `image_url`, `rating`, `stock_status`, `publisher`, `publication_date`, `language`, `description`, `is_bestseller`, `is_featured`, `is_onsale`, `is_mostviewed`, `is_deal_of_week`, `is_new_release`, `new_release_tab`) VALUES ('shop66', 'The Institute: A Novel', 'auth2', 'cat_mystery-thriller', 14.99, null, NULL, 'HARDCOVER', 'https://bookworm.madrasthemes.com/wp-content/uploads/2020/08/img1-12.png', 5, 1, NULL, NULL, 'English', NULL, 0, 0, 0, 0, 0, 0, NULL);
INSERT INTO `books` (`id`, `title`, `author_id`, `category_id`, `price`, `original_price`, `price_range`, `format`, `image_url`, `rating`, `stock_status`, `publisher`, `publication_date`, `language`, `description`, `is_bestseller`, `is_featured`, `is_onsale`, `is_mostviewed`, `is_deal_of_week`, `is_new_release`, `new_release_tab`) VALUES ('shop67', 'All You Can Ever Know: A Memoir', 'aut_nicole-chung', 'cat_biographies-memoirs', 13.29, null, NULL, 'PAPERBACK', 'https://bookworm.madrasthemes.com/wp-content/uploads/2020/08/img1-17.png', 5, 1, NULL, NULL, 'English', NULL, 0, 0, 0, 0, 0, 0, NULL);
INSERT INTO `books` (`id`, `title`, `author_id`, `category_id`, `price`, `original_price`, `price_range`, `format`, `image_url`, `rating`, `stock_status`, `publisher`, `publication_date`, `language`, `description`, `is_bestseller`, `is_featured`, `is_onsale`, `is_mostviewed`, `is_deal_of_week`, `is_new_release`, `new_release_tab`) VALUES ('shop68', 'Dark in Death: An Eve Dallas Novel', 'aut_j-d-robb', 'cat_mystery-thriller', 14.2, null, NULL, 'HARDCOVER', 'https://bookworm.madrasthemes.com/wp-content/uploads/2020/08/img1-18.png', 4, 1, NULL, NULL, 'English', NULL, 0, 0, 0, 0, 0, 0, NULL);
INSERT INTO `books` (`id`, `title`, `author_id`, `category_id`, `price`, `original_price`, `price_range`, `format`, `image_url`, `rating`, `stock_status`, `publisher`, `publication_date`, `language`, `description`, `is_bestseller`, `is_featured`, `is_onsale`, `is_mostviewed`, `is_deal_of_week`, `is_new_release`, `new_release_tab`) VALUES ('shop69', 'Broken Faith: Inside the Word of God...', 'aut_edward-lee', 'cat_biographies-memoirs', 10.29, null, NULL, 'PAPERBACK', 'https://bookworm.madrasthemes.com/wp-content/uploads/2020/08/img1-16.png', 4, 1, NULL, NULL, 'English', NULL, 0, 0, 0, 0, 0, 0, NULL);
INSERT INTO `books` (`id`, `title`, `author_id`, `category_id`, `price`, `original_price`, `price_range`, `format`, `image_url`, `rating`, `stock_status`, `publisher`, `publication_date`, `language`, `description`, `is_bestseller`, `is_featured`, `is_onsale`, `is_mostviewed`, `is_deal_of_week`, `is_new_release`, `new_release_tab`) VALUES ('shop70', 'The Ride of a Lifetime: Lessons Learned from 15 Years as CEO', 'aut_robert-iger', 'cat_biographies-memoirs', 15, null, NULL, 'HARDCOVER', 'https://bookworm.madrasthemes.com/wp-content/uploads/2020/08/img1-19.png', 5, 1, NULL, NULL, 'English', NULL, 0, 0, 0, 0, 0, 0, NULL);
INSERT INTO `books` (`id`, `title`, `author_id`, `category_id`, `price`, `original_price`, `price_range`, `format`, `image_url`, `rating`, `stock_status`, `publisher`, `publication_date`, `language`, `description`, `is_bestseller`, `is_featured`, `is_onsale`, `is_mostviewed`, `is_deal_of_week`, `is_new_release`, `new_release_tab`) VALUES ('shop71', 'Beliefs with Dublin: A Story of Learning...', 'aut_patrick-taylor', 'cat_literature-fiction', 12.59, null, NULL, 'PAPERBACK', 'https://bookworm.madrasthemes.com/wp-content/uploads/2020/08/img1-13.png', 3, 1, NULL, NULL, 'English', NULL, 0, 0, 0, 0, 0, 0, NULL);
INSERT INTO `books` (`id`, `title`, `author_id`, `category_id`, `price`, `original_price`, `price_range`, `format`, `image_url`, `rating`, `stock_status`, `publisher`, `publication_date`, `language`, `description`, `is_bestseller`, `is_featured`, `is_onsale`, `is_mostviewed`, `is_deal_of_week`, `is_new_release`, `new_release_tab`) VALUES ('shop72', 'Angry God (All Saints High Book 3)', 'aut_lj-shen', 'romance', 1.3, 1.75, NULL, 'KINDLE', 'https://bookworm.madrasthemes.com/wp-content/uploads/2020/08/img1-17.png', 5, 1, NULL, NULL, 'English', NULL, 0, 0, 0, 0, 0, 0, NULL);
INSERT INTO `books` (`id`, `title`, `author_id`, `category_id`, `price`, `original_price`, `price_range`, `format`, `image_url`, `rating`, `stock_status`, `publisher`, `publication_date`, `language`, `description`, `is_bestseller`, `is_featured`, `is_onsale`, `is_mostviewed`, `is_deal_of_week`, `is_new_release`, `new_release_tab`) VALUES ('shop73', 'Ask Again, Yes: A Novel', 'aut_mary-beth-keane', 'cat_paperback', 11.51, null, NULL, 'PAPERBACK', 'https://bookworm.madrasthemes.com/wp-content/uploads/2020/08/img1-12.png', 4, 1, NULL, NULL, 'English', NULL, 0, 0, 0, 0, 0, 0, NULL);
INSERT INTO `books` (`id`, `title`, `author_id`, `category_id`, `price`, `original_price`, `price_range`, `format`, `image_url`, `rating`, `stock_status`, `publisher`, `publication_date`, `language`, `description`, `is_bestseller`, `is_featured`, `is_onsale`, `is_mostviewed`, `is_deal_of_week`, `is_new_release`, `new_release_tab`) VALUES ('shop74', 'Beneath a Scarlet Sky: A Novel', 'aut_conn-iggulden', 'cat_mystery-thriller', 2, 14, NULL, 'KINDLE EDITION', 'https://bookworm.madrasthemes.com/wp-content/uploads/2020/08/img1-13.png', 4, 1, NULL, NULL, 'English', NULL, 0, 0, 0, 0, 0, 0, NULL);
INSERT INTO `books` (`id`, `title`, `author_id`, `category_id`, `price`, `original_price`, `price_range`, `format`, `image_url`, `rating`, `stock_status`, `publisher`, `publication_date`, `language`, `description`, `is_bestseller`, `is_featured`, `is_onsale`, `is_mostviewed`, `is_deal_of_week`, `is_new_release`, `new_release_tab`) VALUES ('shop75', 'Beneath a Scarlet Sky: A Novel', 'aut_james-patterson', 'cat_mystery-thriller', 12.99, 14, NULL, 'KINDLE', 'https://bookworm.madrasthemes.com/wp-content/uploads/2020/08/img1-14.png', 5, 1, NULL, NULL, 'English', NULL, 0, 0, 0, 0, 0, 0, NULL);
INSERT INTO `books` (`id`, `title`, `author_id`, `category_id`, `price`, `original_price`, `price_range`, `format`, `image_url`, `rating`, `stock_status`, `publisher`, `publication_date`, `language`, `description`, `is_bestseller`, `is_featured`, `is_onsale`, `is_mostviewed`, `is_deal_of_week`, `is_new_release`, `new_release_tab`) VALUES ('shop76', 'The Rural Diaries: Love, Livestock, and Big Life Lessons Down on Mischief Farm', 'aut_hilarie-burton', 'cat_history', 15, null, NULL, 'HARDCOVER', 'https://bookworm.madrasthemes.com/wp-content/uploads/2020/08/img1-15.png', 5, 1, NULL, NULL, 'English', NULL, 0, 0, 0, 0, 0, 0, NULL);
INSERT INTO `books` (`id`, `title`, `author_id`, `category_id`, `price`, `original_price`, `price_range`, `format`, `image_url`, `rating`, `stock_status`, `publisher`, `publication_date`, `language`, `description`, `is_bestseller`, `is_featured`, `is_onsale`, `is_mostviewed`, `is_deal_of_week`, `is_new_release`, `new_release_tab`) VALUES ('shop77', 'Broken Faith: Inside the Word of God...', 'aut_edward-lee', 'cat_history', 10.29, null, NULL, 'HARDCOVER', 'https://bookworm.madrasthemes.com/wp-content/uploads/2020/08/img1-16.png', 5, 1, NULL, NULL, 'English', NULL, 0, 0, 0, 0, 0, 0, NULL);
INSERT INTO `books` (`id`, `title`, `author_id`, `category_id`, `price`, `original_price`, `price_range`, `format`, `image_url`, `rating`, `stock_status`, `publisher`, `publication_date`, `language`, `description`, `is_bestseller`, `is_featured`, `is_onsale`, `is_mostviewed`, `is_deal_of_week`, `is_new_release`, `new_release_tab`) VALUES ('shop78', 'All You Can Ever Know: A Memoir', 'aut_nicole-chung', 'cat_history', 13.29, null, NULL, 'PAPERBACK', 'https://bookworm.madrasthemes.com/wp-content/uploads/2020/08/img1-17.png', 4, 1, NULL, NULL, 'English', NULL, 0, 0, 0, 0, 0, 0, NULL);
INSERT INTO `books` (`id`, `title`, `author_id`, `category_id`, `price`, `original_price`, `price_range`, `format`, `image_url`, `rating`, `stock_status`, `publisher`, `publication_date`, `language`, `description`, `is_bestseller`, `is_featured`, `is_onsale`, `is_mostviewed`, `is_deal_of_week`, `is_new_release`, `new_release_tab`) VALUES ('shop79', 'Beliefs with Dublin: A Story of Learning...', 'aut_luanne-rice', 'cat_literature-fiction', 10.29, null, NULL, 'PAPERBACK', 'https://bookworm.madrasthemes.com/wp-content/uploads/2020/08/img1-18.png', 3, 1, NULL, NULL, 'English', NULL, 0, 0, 0, 0, 0, 0, NULL);
INSERT INTO `books` (`id`, `title`, `author_id`, `category_id`, `price`, `original_price`, `price_range`, `format`, `image_url`, `rating`, `stock_status`, `publisher`, `publication_date`, `language`, `description`, `is_bestseller`, `is_featured`, `is_onsale`, `is_mostviewed`, `is_deal_of_week`, `is_new_release`, `new_release_tab`) VALUES ('shop80', 'By Invitation Only: A Novel', 'aut_dorothea-benton-f', 'romance', 16.79, null, NULL, 'PAPERBACK', 'https://bookworm.madrasthemes.com/wp-content/uploads/2020/08/img1-19.png', 4, 1, NULL, NULL, 'English', NULL, 0, 0, 0, 0, 0, 0, NULL);
INSERT INTO `books` (`id`, `title`, `author_id`, `category_id`, `price`, `original_price`, `price_range`, `format`, `image_url`, `rating`, `stock_status`, `publisher`, `publication_date`, `language`, `description`, `is_bestseller`, `is_featured`, `is_onsale`, `is_mostviewed`, `is_deal_of_week`, `is_new_release`, `new_release_tab`) VALUES ('shop81', 'Call Me by Your Name', 'aut_andre-aciman', 'romance', 20.95, null, '$20.95 - $53.35', 'HARDCOVER, KINDLE, PAPE...', 'https://bookworm.madrasthemes.com/wp-content/uploads/2020/08/img1-20.png', 3, 1, NULL, NULL, 'English', NULL, 0, 0, 0, 0, 0, 0, NULL);
INSERT INTO `books` (`id`, `title`, `author_id`, `category_id`, `price`, `original_price`, `price_range`, `format`, `image_url`, `rating`, `stock_status`, `publisher`, `publication_date`, `language`, `description`, `is_bestseller`, `is_featured`, `is_onsale`, `is_mostviewed`, `is_deal_of_week`, `is_new_release`, `new_release_tab`) VALUES ('shop82', 'Carrier Minds', 'aut_john-grisham', 'cat_sci-fi-fantasy', 12.99, 17.99, NULL, 'PAPERBACK', 'https://bookworm.madrasthemes.com/wp-content/uploads/2020/08/img1-21.png', 4, 1, NULL, NULL, 'English', NULL, 0, 0, 0, 0, 0, 0, NULL);
INSERT INTO `books` (`id`, `title`, `author_id`, `category_id`, `price`, `original_price`, `price_range`, `format`, `image_url`, `rating`, `stock_status`, `publisher`, `publication_date`, `language`, `description`, `is_bestseller`, `is_featured`, `is_onsale`, `is_mostviewed`, `is_deal_of_week`, `is_new_release`, `new_release_tab`) VALUES ('shop83', 'Conqueror', 'aut_conn-iggulden', 'cat_history', 25.88, null, NULL, 'HARDCOVER', 'https://bookworm.madrasthemes.com/wp-content/uploads/2020/08/img1-22.png', 5, 1, NULL, NULL, 'English', NULL, 0, 0, 0, 0, 0, 0, NULL);
INSERT INTO `books` (`id`, `title`, `author_id`, `category_id`, `price`, `original_price`, `price_range`, `format`, `image_url`, `rating`, `stock_status`, `publisher`, `publication_date`, `language`, `description`, `is_bestseller`, `is_featured`, `is_onsale`, `is_mostviewed`, `is_deal_of_week`, `is_new_release`, `new_release_tab`) VALUES ('shop84', 'Think Like a Monk: Train Your Mind for Peace and Purpose Everyday', 'aut_jay-shetty', 'cat_mystery-thriller', 29, null, NULL, 'HARDCOVER', 'https://bookworm.madrasthemes.com/wp-content/uploads/2020/08/img1-12.png', 4, 1, NULL, NULL, 'English', NULL, 0, 0, 0, 0, 0, 0, NULL);
INSERT INTO `books` (`id`, `title`, `author_id`, `category_id`, `price`, `original_price`, `price_range`, `format`, `image_url`, `rating`, `stock_status`, `publisher`, `publication_date`, `language`, `description`, `is_bestseller`, `is_featured`, `is_onsale`, `is_mostviewed`, `is_deal_of_week`, `is_new_release`, `new_release_tab`) VALUES ('shop85', 'Beneath a Scarlet Sky: A Novel', 'aut_conn-iggulden', 'cat_mystery-thriller', 14, null, NULL, 'HARDCOVER', 'https://bookworm.madrasthemes.com/wp-content/uploads/2020/08/img1-13.png', 4, 1, NULL, NULL, 'English', NULL, 0, 0, 0, 0, 0, 0, NULL);
INSERT INTO `books` (`id`, `title`, `author_id`, `category_id`, `price`, `original_price`, `price_range`, `format`, `image_url`, `rating`, `stock_status`, `publisher`, `publication_date`, `language`, `description`, `is_bestseller`, `is_featured`, `is_onsale`, `is_mostviewed`, `is_deal_of_week`, `is_new_release`, `new_release_tab`) VALUES ('shop86', 'Becoming', 'aut_michelle-obama', 'cat_mystery-thriller', 25, null, NULL, 'KINDLE', 'https://bookworm.madrasthemes.com/wp-content/uploads/2020/08/img1-14.png', 5, 1, NULL, NULL, 'English', NULL, 0, 0, 0, 0, 0, 0, NULL);
INSERT INTO `books` (`id`, `title`, `author_id`, `category_id`, `price`, `original_price`, `price_range`, `format`, `image_url`, `rating`, `stock_status`, `publisher`, `publication_date`, `language`, `description`, `is_bestseller`, `is_featured`, `is_onsale`, `is_mostviewed`, `is_deal_of_week`, `is_new_release`, `new_release_tab`) VALUES ('shop87', 'Harry Potter and the Sorcerer''s Stone', 'aut_jk-rowling', 'cat_sci-fi-fantasy', 19.99, null, NULL, 'HARDCOVER', 'https://bookworm.madrasthemes.com/wp-content/uploads/2020/08/img1-13.png', 5, 1, NULL, NULL, 'English', NULL, 0, 0, 0, 0, 0, 0, NULL);
INSERT INTO `books` (`id`, `title`, `author_id`, `category_id`, `price`, `original_price`, `price_range`, `format`, `image_url`, `rating`, `stock_status`, `publisher`, `publication_date`, `language`, `description`, `is_bestseller`, `is_featured`, `is_onsale`, `is_mostviewed`, `is_deal_of_week`, `is_new_release`, `new_release_tab`) VALUES ('shop88', 'The Institute: A Novel', 'auth2', 'cat_mystery-thriller', 14.99, null, NULL, 'HARDCOVER', 'https://bookworm.madrasthemes.com/wp-content/uploads/2020/08/img1-12.png', 5, 1, NULL, NULL, 'English', NULL, 0, 0, 0, 0, 0, 0, NULL);

-- Inserting Default User
INSERT INTO `users` (`id`, `first_name`, `last_name`, `display_name`, `email`, `password`) VALUES (1, 'Ali', 'Tufan', 'alitfn58', 'ali.tufan@example.com', '$2y$10$WpZ686Wl5sX069DsnfQWKeX5Q/FvR3L8iXf.Yk6g4Uq5.z6Fp3Pye'); -- Password: password123
INSERT INTO `user_addresses` (`user_id`, `address_type`, `street_address`, `apartment`, `city`, `county`, `country`, `postcode`, `phone`) VALUES (1, 'billing', 'Bedford St, Covent Garden', '', 'London', 'London WC2E 9ED', 'United Kingdom', 'WC2E 9ED', '+1 246-345-0695');
INSERT INTO `user_addresses` (`user_id`, `address_type`, `street_address`, `apartment`, `city`, `county`, `country`, `postcode`, `phone`) VALUES (1, 'shipping', 'Bedford St, Covent Garden', '', 'London', 'London WC2E 9ED', 'United Kingdom', 'WC2E 9ED', '+1 246-345-0695');
